id,name,description,power,count,element
1000,口からでまかせブレス,いやーなゲロを敵全員に\nまき散らす。　まもりを\n大ダウンさせる効果もある。,60,1,0
1800,シッタカブリ吐息,いやーなゲロを敵全員に\nまき散らす。　まもりを\n大ダウンさせる効果もある。,60,1,0
101000,ツンツンようじ,じまんのつまようじで\n突きまくり　敵全員を\nこうげきする。,15,5,9
102000,さみだれようじ,じまんのつまようじで\nはげしく突きまくり\n敵全員をこうげきする。,17,7,9
102010,きりこみ一番,我こそはと敵に斬りこみ\n正面の敵に　するどい\nダメージを与える。,140,1,9
103000,ポクチン念仏,呪いの念仏を　敵全員に\nおみまいする。　当たった敵は\nなかなか行動しなくなる。,0,1,0
104000,やめはめ波,呪いの波動を　敵全員に\nおみまいする。　当たった敵は\nなかなか行動しなくなる。,0,1,0
104010,スーパーやめはめ波,スーパーな呪いの波動を\n敵全員におみまいし\nまもりを大ダウンさせる。,0,1,0
105000,モチモチ拳,大きくふくれあがり\n正面の敵に　強力な\nパンチをおみまいする。,93,1,9
105010,やきモチ拳,大きくふくれあがり\n正面の敵に　強力な\nパンチをおみまいする。,93,1,9
106000,だらけチョップ,だらだらしながらも\n激しく斬りつけ　敵全員に\nダメージを与える。,100,1,9
107000,ザンバラッシュ,ぐるぐると　回転しながら\n斬撃のラッシュをかけ\n敵全員にダメージを与える。,154,1,9
107010,怪刀だんびら,だらだらしながらも　上空から\n激しく斬りつけ　正面の敵に\nダメージを与える。,140,1,9
108000,真剣大バクチ,味方全員の　勝負に対する\n気持ちをピリッとさせ\nちからを大アップさせる。,0,1,0
109000,名刀マサムネ,正義の名刀で　上空から\nするどく斬りつけ　正面の敵に\nダメージを与える。,190,1,9
109010,神剣クサナギ,聖なる神剣で　上空から\nするどく斬りつけ　正面の敵に\nダメージを与える。,190,1,9
110000,妖刀ムラマサ,荒々しい切れ味の邪悪な\n妖刀で　残忍に斬りつけ\n敵全員にダメージを与える。,160,1,9
111000,かぶってカブト,みんなの士気を上げる\n大号令で　味方全員の\nまもりを大アップする。,0,1,0
112000,ゲンマ斬,腰に差した刀を抜き\n敵全員に　ゲンマの力を\nまとった一撃を与える。,150,1,9
112010,黄泉おくり,腰に差した刀を抜き\n敵全員に　黄泉の力を\nまとった一撃を与える。,155,1,9
113000,正拳バーニング,メラメラした\n熱い闘志を爆発させ\n敵全員を燃やしつくす。,110,1,1
113010,大地わり,大地をグラグラとゆらし\n巨大な岩石を\n敵全員におみまいする。,150,1,4
113020,轟のかまえ,轟くオーラを爆発させ\n味方全員のちからを\n超アップする。,0,1,0
114000,おおバサミ,頭についたじまんのハサミで\nガッチリはさみ\n敵全員にダメージを与える。,110,1,9
115000,地獄バサミ,頭についた巨大なハサミで\nガッチリはさみ\n敵全員にダメージを与える。,148,1,9
115010,大切断,頭についた巨大なハサミで\nガッチリはさみ\n敵全員にダメージを与える。,148,1,9
116000,九九九刀,秘蔵の９９９本の刀を\n一気に解放し\n敵全員を激しく斬りまくる。,14,9,9
116010,からくりマシンガン,おなかの刀をマシンガンの\nように発射し\n敵全員を激しく斬りまくる。,14,9,9
117000,むしゃくしゃアタック,２本のナタを　怒りのままに\n振り回し　敵全員を\nこうげきする。,16,10,9
117010,悪い子イネガー,２本のナタを　怒りのままに\n振り回し　敵全員を\nこうげきする。,16,10,9
118000,びろ～んビンタ,びろ～んと伸びた鼻水を\n勢いよく撃ちつけて\n正面の敵をビンタする。,67,1,0
118010,はくしょんスパイク,くしゃみで伸びた鼻水を\n勢いよく撃ちつけて\n正面の敵をビンタする。,67,1,0
119000,三つ目読心術,怪しく光るみっつの目で\n敵全員のＨＰを吸収し\n味方全員に分け与える。,100,1,7
119010,四つ目読命術,怪しく光るよっつの目で\n敵全員のＨＰを吸収し\n味方全員に分け与える。,100,1,7
120000,スグワスレ～ル,敵全員の思い出をうばう\n霊魂で　敵にかかっている\n良い効果を解除する。,0,1,0
120010,おバカワールド,味方１匹の心を\n限界まで解放し\nすばやさを超アップさせる。,0,1,0
121000,ちゅ～ちゅ～ドレイン,のうこうなキッスで\n敵全員のＨＰを吸収し\n味方全員に分け与える。,67,1,7
121010,魂すぃ～キッスブルー,ブルーなキッスで\n敵全員のＨＰを吸収し\n味方全員に分け与える。,100,1,7
122000,やまとクラッシュ,飛び上がって　こんぼうを\nいさぎよく叩きつけ\n正面の敵をこうげきする。,140,1,9
122010,大見得ボンバー,大見得をきって　こんぼうを\nズバっと叩きつけ\n正面の敵をこうげきする。,190,1,9
123000,いやしのなげキッス,イケメンにのみ許された\nいやしの投げキッスで\n味方全員のＨＰを回復する。,60,1,8
124000,ボクのハート天国,イケメンの作り出す\nいやしのオーラで\n味方全員のＨＰを回復する。,120,1,8
124010,恋こがれファイヤー,モテないうらみで\nしっとの炎を作り出し\n敵全員におみまいする。,148,1,1
125000,愛のビンタ,年季の入ったババァの\n深すぎる愛情をこめて\n正面の敵をビンタする。,67,1,0
125010,ホネホネチョップ,骨の浮き出た　カチカチの手で\n正面の敵に強烈な\nビンタをお見舞いする。,100,1,0
126000,大音量ババァーン！,ゴツイスピーカーがあるのに\nなぜか　それを投げ捨て\n素手で正面の敵をビンタする。,100,1,0
127000,ネムケムリ,眠くなるけむりで敵全員を\n眠らせる。　当たった敵は\nなかなか行動しなくなる。,0,1,0
127010,白昼夢,幸せな夢の力で心をいやし\n味方全員のＨＰが\nだんだん回復する。,0,1,0
128000,デンデンショック,ためこんだ電波を\n一気に放出し\n敵全員にダメージを与える。,73,1,3
129000,でんじんサンダー,おなかを叩いて\n強力な雷をよびおこし\n敵全員にダメージを与える。,148,1,3
129010,メガギガチャージ,強力な充電効果で\n敵全員のＨＰを吸収し\n味方全員に分け与える。,135,1,7
130000,かがみよかがみ,鏡においのりして霊魂を\n呼び出す。　呼び出した霊魂に\nよって　いりょくが変わる。,0,1,0
130010,まっくらワールド,鏡においのりして霊魂を\n呼び出す。　呼び出した霊魂に\nよって　いりょくが変わる。,0,1,0
131000,ひとだま祭り・幻,まぼろしを操る力で\nひとだまを呼び出し\n敵全員におみまいする。,150,1,0
131010,ひとだま祭り・影,かげろうを操る力で\nひとだまを呼び出し\n敵全員におみまいする。,150,1,0
131020,ほうろう世界,強力な呪いを敵全員に\nあびせる。　当たった敵は\n味方をすぐにこうげきする。,0,1,0
132000,ゆきんこシャーベット,冷たい氷をたくさん\n呼び出し　敵全員に\nおみまいする。,135,1,5
133000,キラキラ雪化粧,キラキラした巨大な氷を\n作り出し　敵全員に\nおみまいする。,190,1,5
133010,ときめき☆百鬼夜行,闇の力で　敵全員にダメージを\n与えつつ　全ステータスを\nダウンさせる。,74,1,0
133800,姫のおしおきビンタ,おしおきとして\n正面の敵に　強烈な\nビンタをおみまいする。,67,1,0
134000,紅蓮地獄,最高クラスのようりょくで\n巨大な火球を作り出し\n敵全員を燃やしつくす。,148,1,1
134010,氷結地獄,全てを凍らせる\n強力なようりょくで\n敵全員を氷づけにする。,200,1,5
134020,オワリノハジマリ,深い闇で　敵全員にダメージを\n与える。　ＨＰを\nだんだん減らす効果もある。,74,1,0
135000,ぶっとび頭突き,大きく飛び上がり\n上空から正面の敵に\n頭突きをおみまいする。,93,1,9
136000,かっとびバスター,勢いよく飛び上がり\n上空から　正面の敵に\n頭突きをおみまいする。,140,1,9
136010,ゴリおしストレート,ゴリラのような筋肉で\n正面の敵に　こんしんの\nストレートをさくれつさせる。,140,1,9
137000,イガイガおとし,イガイガグリ特製のいや～な\n霊魂で　敵にかかっている\n良い効果を解除する。,0,1,0
137010,チクチクボム,自爆して　自分の体を\nぎせいにしつつ　敵全員に\nダメージを与える。,130,1,9
138000,シャレオツ☆傘刺し,シャレオツな傘で\n刺しまくり　敵全員に\nダメージを与える。,15,5,9
139000,ハイカラ☆パラソル,ハイカラな傘で\n刺しまくり　敵全員に\nダメージを与える。,18,7,9
139010,おしゃんちっく☆雨,おしゃんちっくな傘に\n似合う大量の雨を呼び出し\n敵全員に　おみまいする。,110,1,2
140000,がっちりガード,気合いを入れて守りの体勢に。\nまもりをアップしつつ\n敵の攻撃を一身に集める。,0,1,0
141000,不落のむりだ城,気合いを入れて守りの体勢に。\nまもりを超アップしつつ\n敵の攻撃を一身に集める。,0,1,0
141010,石垣おとし,長年共にお城を守ってきた\n石垣を呼び出し　敵全員に\nおみまいする。,200,1,4
142000,とおせんブロック,とおせんぼで敵をブロック。\nまもりをアップしつつ\n敵の攻撃を一身に集める。,0,1,0
142010,くろがねビンタ,勢いよく回転し\n丸太のようなぶっとい腕で\n正面の敵をビンタする。,100,1,9
143000,鋼鉄ヨロイがため,みんなの士気を上げる\n大号令で　味方全員の\nまもりを大アップする。,0,1,0
144000,ウルトラしこふみ,気合いを入れてしこをふむ。\nまもりをアップしつつ\n敵の攻撃を一身に集める。,0,1,0
144010,夜桜しこふみ,しこをふみつつ　守りの\n体勢になり　自分の\nまもりを超アップする。,0,1,0
145000,超力ツノクラッシュ,じまんのツノを\n正面の敵にぶち当て\n強力なダメージを与える。,140,1,9
146000,暴走ツノブレイク,ダンプカーのように\n勢いよく突進し　正面の敵に\n強力なダメージを与える。,190,1,9
146010,爆裂ツノファイナル,ダンプカーのように\n激しく突進し　正面の敵に\n強力なダメージを与える。,190,1,9
147000,さよなら大金星,自爆して　自分の体を\nぎせいにしつつ　敵全員に\nダメージを与える。,270,1,9
147010,突撃こっぱみじん,自爆して　自分の体を\nぎせいにしつつ　敵全員に\nダメージを与える。,200,1,9
147020,いぶし銀ガード,かたい守りの体勢に。\nまもりを大アップしつつ\n敵の攻撃を一身に集める。,0,1,0
147030,高級プラチナガード,かたい守りの体勢に。\nまもりを超アップしつつ\n敵の攻撃を一身に集める。,0,1,0
148000,天地崩壊,自爆して　自分の体を\nぎせいにしつつ　敵全員に\nダメージを与える。,270,1,9
148010,黒潮ガード,全てを受け止める体勢に。\nまもりを超アップしつつ\n敵の攻撃を一身に集める。,0,1,0
149000,みんみん斬り,ビビりながらも\n敵全員を斬りまくり\nダメージを与える。,100,1,9
150000,忍法・影走り,セミ流忍術の奥義。\n味方全員のすばやさを\n大アップさせる。,0,1,0
150010,忍法・神風おこし,セミ流忍術・亜流の奥義。\n味方全員のすばやさを\n大アップさせる。,0,1,0
151000,トホホの砲,いや～な霊魂を正面の敵に\n発射する。　すばやさを\n大ダウンさせる効果もある。,46,1,0
151010,ださださスタイル,いや～な霊魂を正面の敵に\n発射する。　すばやさを\n大ダウンさせる効果もある。,70,1,0
151020,奈落へＧＯ！,絶望的な呪いを正面の敵に\n発射する。　全ステータスを\nダウンさせる効果もある。,95,1,0
152000,ひゃくれつ肉球,トラック相手にきたえた\n肉球で　敵全員を\nなぐりまくる。,15,5,9
152900,ひゃくれつ肉球,トラック相手にきたえた\n肉球で　敵全員を\nなぐりまくる。,15,5,9
153000,チクチク肉球,こぶしにチクチクの\nトゲを生やし　敵全員を\nなぐりまくる。,17,7,9
154000,ツッパリ夜露死苦！,邪悪な波動で敵全員を\n混乱させる。　当たった妖怪は\n味方をすぐにこうげきする。,0,1,0
155000,ボウギョモードニャン,ボウギョモードに移行。\nまもりを超アップしつつ\n敵の攻撃を一身に集める。,0,1,0
155010,ゴールデンニャンダー,神秘的な黄金の力で\n味方全員の　全ステータスを\n大アップする。,0,1,0
156000,１００カラット肉球,ダイヤの肉球で\n敵全員を　一心不乱に\nなぐりまくる。,15,10,9
156010,ひんやりブルー肉球,サファイアの肉球で\n敵全員を　一心不乱に\nなぐりまくる。,15,10,9
156020,さわやかグリーン肉球,エメラルドの肉球で\n敵全員を　一心不乱に\nなぐりまくる。,15,10,9
156030,じょうねつレッド肉球,ルビーの肉球で\n敵全員を　一心不乱に\nなぐりまくる。,15,10,9
156040,つぶつぶオレンジ肉球,トパーズの肉球で\n敵全員を　一心不乱に\nなぐりまくる。,15,10,9
157000,メガ滝おとし,敵の頭上に巨大な滝を\n発生させ　敵全員に\nダメージを与える。,73,1,2
158000,げきりゅう一閃,水筒ブレードに\n全妖気を注入し\n敵全員を斬りつける。,130,1,2
158010,なみのり一閃,水筒ブレードに\n全妖気を注入し\n敵全員を斬りつける。,135,1,2
159000,ひとだま乱舞,呼び寄せたひとだまを\n飛び交わせ　敵全員に\nダメージを与える。,100,1,0
159010,風来サンダー,しびれる稲妻を呼び寄せ\n敵全員に　ビリビリと\nダメージを与える。,73,1,3
159400,ＭＯＮＧＥスクラッチ,ノリノリなＤＪテクニックで\n味方全員のテンションを上げ\n全ステータスをアップさせる。,0,1,1
160000,ひとだまバースト,強力なひとだまを\n体全体から放出し\n敵全員にダメージを与える。,140,1,0
160020,稲妻クレイジー,しびれる稲妻を呼び寄せ\n敵全員に　ビリビリと\nダメージを与える。,120,1,3
161000,ボーっとしてました。,敵全員にボーっとするオーラを\nあびせる。　当たった妖怪は\nなかなか行動しなくなる。,0,1,0
161010,あのえっとちょっと,敵全員にしどろもどろな妖気を\nあびせる。　当たった妖怪は\nなかなか行動しなくなる。,0,1,0
162000,ガリガリつらら,カッチカチのつららを\n頭上から大量に落とし\n敵全員にダメージを与える。,55,1,5
163000,ガリガリ大寒波,上空に強力な寒波を発生させ\n生み出した氷で\n敵全員にダメージを与える。,125,1,5
163010,熱気ムンムン波,ムンムンの熱い熱気を\n発生させ　敵全員を\n激しく燃やしつくす。,148,1,1
164000,もじもじビンタ,もじもじしながら\n長い鼻で　正面の敵を\nズバっとビンタする。,90,1,9
164010,ぷるぷるビンタ,ぷるぷるしながら\n長い鼻で　正面の敵を\nズバっとビンタする。,100,1,9
165000,運命すごろく,さいの目で運試しして\n何かをおこす。　どんな\n効果になるかは運次第。,0,1,9
165010,必中大当たり！,さいの目で運試しするが\n必ずゾロ目の強力な効果で\n正面の敵をこうげきする。,135,1,9
166000,うちわ大旋風,愛用のうちわで\n強力な大旋風をおこし\n敵全員におみまいする。,175,1,6
166010,ほむらタイフーン,愛用のうちわで\n強力な大熱風をおこし\n敵全員におみまいする。,148,1,1
167000,ひもじインパクト,天に願いをささげて呼び寄せた\n大量のおにぎりで\n味方全員のＨＰを回復する。,60,1,8
167010,炊き立てインパクト,炊き立てのお米で作った\nおにぎりを大量にふらせ\n味方全員のＨＰを回復する。,90,1,8
168000,食い意地クレイジー,きょういの食い意地で\n呼び寄せた大量のおにぎりで\n味方全員のＨＰを回復する。,90,1,8
169000,おっさんかみマックス,日頃のストレスを忘れて\n一心不乱にかみまくり\n敵全員にダメージを与える。　,15,5,9
170000,かみマックス・ツイン,２つの頭でダブルに\nかみつきまくり\n敵全員にダメージを与える。　,17,7,9
170010,三途の石つぶて,三途の川の石を\n頭上から落下させ\n敵全員にダメージを与える。,130,1,4
171000,大笑いのツボ,楽しげな大笑いで\nみんなをいやし\n味方全員のＨＰを回復する。,60,1,8
171010,人生うなぎ節,演歌のようりょうで\nかみまくり　敵全員に\nダメージを与える。,22,5,9
171020,大蛇の毒霧,大蛇の毒を　敵全員に\n放出する。　当たった敵は\nＨＰがだんだん減ってしまう。,0,1,0
172000,絶好調ヘブン,やすらぎのそよ風をおこし\nみんなの体調を絶好調にする。\n味方全員のＨＰが回復する。,60,1,8
172010,絶交オーラ,邪悪で危険な霊魂で\n敵にかかっている\n良い効果を解除する。,0,1,0
173000,サイコ～フィーバー,天にも昇るような最高の風で\nみんなの体調を最高潮にし\n味方全員のＨＰを回復する。,120,1,8
173010,アゲアゲミラクル,ミラクルな風をおこし\nみんなの心をアゲアゲにし\n味方全員のＨＰを回復する。,120,1,8
174000,名物ワカメ音頭,十八番のワカメ音頭で\n味方全員のテンションを上げ\nまもりを大アップさせる。,0,1,0
174010,コンブ・デ・マンボ,マンボのリズムでステップを\nふみ　味方全員の\nすばやさを大アップさせる。,0,1,0
174020,情熱メカブサンバ！,情熱的なサンバのリズムで\nみんなを勇気づけ　味方全員の\nＨＰがだんだん回復する。,0,1,0
175000,ハートにキュン！,キュートな動きで\nみんなの心をキュンキュンさせ\n味方全員のＨＰを回復する。,90,1,8
176000,ズキュキュン・ラブ,愛のポーズで\nみんなの心をキュンキュンさせ\n味方全員のＨＰを回復する。,90,1,8
176010,裏キュン・ラブ,腹黒さをおさえたキュートな\nポーズでみんなの心をいやし\n味方全員のＨＰを回復する。,120,1,8
177000,ほのぼのフィールド,かもしだすほのぼのとした\nオーラで　味方全員の\nＨＰがだんだん回復する。,0,1,0
178000,うはうはフィールド,かもしだす　うはうはな\n楽しいオーラで　味方全員の\nＨＰがだんだん回復する。,0,1,0
178010,うひゃひゃゾーン,かもしだす　うひゃひゃな\n楽しいオーラで　味方全員の\nＨＰがだんだん回復する。,0,1,0
179000,三択プレゼント,三つのふくろのどれかから\n何かが飛び出す。　\n良い効果が出るかは運次第。,0,1,0
179010,一択プレゼント,プレゼントがいっぱいつまった\nふくろを解放し　必ず\n味方全員のＨＰを回復する。,90,1,8
180000,おふくろさんの愛,おふくろさんのぬくもりで\nつつみこみ　味方全員の\nＨＰがだんだん回復する。,0,1,0
180010,ポカポカばーちゃん,ばーちゃんの最強のいやし\nパワーで　味方全員を復活させ\nＨＰも回復する。,0,1,8
181000,おやじの雷ロック,あらぶる心で雷を\n呼び寄せ　敵全員に\nおみまいする。,148,1,3
181010,超絶ちゃぶ台返し,怒りを爆発させて\n強烈なちゃぶ台返し。\n正面の敵にダメージを与える。,140,1,9
182000,肩たたき拳,勢いよく飛び上がり\n強力な突進。　正面の敵に\nダメージを与える。,93,1,9
183000,四十肩がため,勢いよく飛び上がり\n強力な突進。　正面の敵に\nダメージを与える。,140,1,9
183010,腰痛バスター,ずしっと重い特注の\n鉄アレイで　正面の敵の\n腰をぶんなぐる。,100,1,9
184000,ネガティブ菌,ネガティブにさせる菌を\n敵全員におみまいし\nまもりを大ダウンさせる。,0,1,0
185000,ジャネガウェーブ,邪悪な怪音波を\n敵全員におみまいし\nまもりを大ダウンさせる。,0,1,0
185010,かゆかゆ地獄,かゆみ発生音波を\n敵全員におみまいし\nちからを大ダウンさせる。,0,1,0
186000,鬼さんこちら,敵全員を誤った方向に導く。\n導かれた妖怪は\n味方をすぐにこうげきする。,0,1,0
186010,特別ごひいきハンド,えこひいきしたくなるオーラを\n敵全員にあびせ\nちからを大ダウンさせる。,0,1,0
187000,命よこど～り,よくばりな視線で\n敵全員のＨＰを吸収し\n味方全員に分け与える。,67,1,7
187010,へんな顔プレス,勢いよく飛び上がり\nお腹の顔で　正面の敵に\nダメージを与える。,93,1,9
188000,ぺちゃくちゃマウス,歯をひんむきながら\nかみつきまくり　敵全員に\nダメージを与える。,15,5,9
188010,がみがみマウス,がみがみとグチりながら\nかみつきまくり　敵全員に\nダメージを与える。,22,5,9
189000,つっぱりメンチ,思わずビビってしまうメンチを\n正面の敵に発射。　すばやさを\n大ダウンさせる効果もある。,46,1,0
190000,極道にらみ,思わずビビってしまうメンチを\n正面の敵に発射。　すばやさを\n大ダウンさせる効果もある。,70,1,0
190020,地獄のケツバット,飛び上がって　釘バットで\n正面の敵を叩きつけて\nダメージを与える。,190,1,9
191000,魔ガサスショック,邪悪なオーラを正面の敵に\n発射する。　ちからを\n大ダウンさせる効果もある。,95,1,0
191010,ダークホース,邪悪なオーラを正面の敵に\n発射する。　まもりを\n大ダウンさせる効果もある。,95,1,0
192000,おそろシワシワ,若さをうばう杖の力で\n正面の敵のＨＰを吸収し\n味方全員に分け与える。,130,1,7
193000,美美美ビーム,生命をうばう杖の力で\n正面の敵のＨＰを吸収し\n味方全員に分け与える。,175,1,7
193010,不死不死ドレイン,生命をうばう杖の力で\n正面の敵のＨＰを吸収し\n味方全員に分け与える。,175,1,7
194000,ぷーすかスモッグ,邪悪なおならを　敵全員に\n大量に噴きだし\nすばやさを大ダウンさせる。,0,1,0
194010,おならハザード,邪悪なおならを　敵全員に\n大量に噴きだし\nすばやさを大ダウンさせる。,0,1,0
195000,恐怖のすべり芸,しょうもない動きで敵全員を\nこおりつかせ　すばやさを\n大ダウンさせる。,0,1,0
195010,わらえま千年,しょうもない動きで敵全員を\nこおりつかせ　すばやさを\n大ダウンさせる。,0,1,0
196000,今夜もねむれナイト,みわくのひとみを投げつけ\n敵全員の　全ステータスを\nダウンさせる。,0,1,0
196010,ねむねむドリーム,邪悪な波動を敵全員に\n放ち　全ステータスを\nダウンさせる。,0,1,0
197000,ジミーな一発,地味ながらも\n気合の入った強力なビンタで\n正面の敵をこうげきする。,67,1,9
198000,カゲローの舞,ひらひらの体から\n強力なビンタをはなち\n正面の敵をこうげきする。,100,1,9
198010,こっそり一撃の舞,ひらひらの体から\n強力なビンタをはなち\n正面の敵をこうげきする。,135,1,9
199000,じめりんシャワー,湿気を急速に発生させて\n大量の雨をふらせ\n敵全員におみまいする。,73,1,2
199010,つめたい吐息,全力の冷気パワーで\nつららをふらせ\n敵全員にダメージを与える。,100,1,5
199020,鼻血ボンバー,鼻血がふきでるような\n爆発力で　敵全員を\n燃やしつくす。,73,1,1
200000,雨雨スコール,湿気を集めて　大量の\nスコールを敵全員に\nおみまいする。,110,1,2
200010,あられ流星弾,流星のようにあられを\nふらせ　敵全員に\nダメージを与える。,150,1,5
201000,ドンヨリ砲,邪悪なしょうきを敵全員に\n吐き出す。　ちからを\n大ダウンさせる効果もある。,36,1,0
202000,うらめしハンド,口から生えた不思議な手で\n敵全員のＨＰを吸収し\n味方全員に分け与える。,67,1,7
202010,奥義・つまみ神拳,口から生えた不思議な手で\n敵全員のＨＰを吸収し\n味方全員に分け与える。,67,1,7
203000,ヒキこもり歌,呪いのこもり歌を敵全員に\nあびせる。　当たった妖怪は\nなかなか行動しなくなる。,0,1,0
204000,トジこもりバラード,呪いのバラードを敵全員に\nあびせる。　当たった妖怪は\n全然行動しなくなる。,0,1,0
204010,ヤドこもりブルース,呪いのブルースを敵全員に\nあびせる。　当たった妖怪は\n全然行動しなくなる。,0,1,0
205000,アレコレちょーだいん！,なんでもドカドカ吸い込む。\n敵全員のＨＰを吸収し\n味方全員に分け与える。,67,1,7
205010,おきらくヒーロー参上,ふざけたポーズで敵全員に\nなぞのオーラを放ち\n味方をすぐにこうげきさせる。,0,1,0
206000,ネクラ木枯らし,強力な風の術。\n敵全員に竜巻で\nダメージを与える。,130,1,6
206010,黄泉嵐,黄泉からはげしい風を\n呼び出し　敵全員に\nおみまいする。,130,1,6
207000,うたがいアイズ,邪悪なひとみで　敵全員を\nひるませる。　当たった敵は\nなかなか行動しなくさせる。,0,1,0
207010,ガキンチョの乱,邪悪なひとみで　敵全体を\nひるませる。　当たった敵は\nなかなか行動しなくなる。,0,1,0
207020,ひねくれガス,ひねくれるガスを敵全員に\nまきちらす。　当たった敵は\n味方をすぐにこうげきする。,0,1,0
208000,ビビリバビデブー,邪悪な呪文を敵全員に\nあびせる。　ＨＰを\nだんだん減らす効果もある。,74,1,0
209000,デビラカダブラ,凶悪な呪文を敵全員に\nあびせる。　ＨＰを\nだんだん減らす効果もある。,74,1,0
209010,漆黒ミュータンス,漆黒の虫歯菌を敵全員に\nあびせる。　ＨＰを\nだんだん減らす効果もある。,74,1,0
210000,ドケチの呪い,凶悪な呪いを敵全員に\nあびせる。　ＨＰを\nだんだん減らす効果もある。,100,1,0
210010,常闇の呪い,永遠の闇の力を　敵全員に\nあびせる。　なかなか行動\nできなくなる効果もある。,100,1,0
211000,ツチノコスマイル,いやしがあふれる\n幸せなツチノコの笑顔で\n味方全員のＨＰを回復する。,60,1,8
211010,にっこりパンダ,白と黒の独特の\n笑顔でみんなをいやし\n味方全員のＨＰを回復する。,120,1,8
212000,福福スマイル,福を呼んでくれる\n最高に気持ちいい笑顔で\n味方全員のＨＰを回復する。,120,1,8
213000,りゅーくんストーン,聖なる水晶玉の力で\n大地をゆらし　敵全員に\nダメージを与える。,100,1,4
214000,龍神ロック,聖なる水晶玉の力で\n大岩を落とし　敵全員に\nダメージを与える。,148,1,4
214010,水神の大滝,大きな滝を作り出し\n敵全員にダメージを\n与える。,148,1,2
215000,いやいやチャージ,充電効果で\n敵全員のＨＰを吸収し\n味方全員に分け与える。,67,1,7
216000,うらみアタック,うらみのこもった突進で\n正面の敵に　きょうれつな\nダメージを与える。,140,1,9
216010,逆上地獄,怒り狂いながら\n地獄の炎を呼び起こし\n敵全員を燃やしつくす。,148,1,1
217000,さめはだガード,全てを受け止める体勢に。\nまもりをアップしつつ\n敵の攻撃を一身に集める。,0,1,0
217010,むさぼりシャーク,ガシガシと生命力をむさぼる。\n敵全員のＨＰを吸収し\n味方全員に分け与える。,100,1,7
218000,がまぐちブレイカー,敵全員の金銭感覚をマヒ\nさせる呪いで　敵全員が\nなかなか行動しなくなる。,0,1,0
218010,借金地獄絵図,敵全員を借金地獄にする\n呪いで　　敵全員が\nなかなか行動しなくなる。,0,1,0
219000,ナガバナショック,なが～い鼻を\nフルスイングし\n正面の敵をビンタする。,100,1,9
219010,たたき売りパンチ,なが～いバナナの鼻を\nフルスイングし\n正面の敵をビンタする。,135,1,9
220000,しきるんじゃ！,みんなの士気を上げる\n大号令で　味方全員の\nちからを大アップさせる。,0,1,0
220010,うっちゃり毒牙,まむしの毒を波動にして\nふりまき　敵全員の\nちからを　大ダウンさせる。,0,1,0
220020,すねすねソウル,器を小さくする呪いで　敵に\nかかっている良い効果を\n強制的に解除する。,0,1,0
221000,やまたのおろち,オーラで作り出した龍の\nマフラーに　敵全員を\nかみつかせまくる。,15,10,9
221010,影流やまたのおろち,オーラで作り出した龍の\nマフラーに　敵全員を\nかみつかせまくる。,15,10,9
221020,閃光ドラゴンラッシュ,オーラで作り出した龍の\nマフラーに　敵全体を\nかみつかせまくる。,15,10,9
222000,かつおブシ斬り,肉球ではなく　愛用の\n日本刀で　敵全員を\nきりさきまくる。,16,10,9
223000,しゅらシュシュシュ,どんなものでも燃やせる\nしゅらの炎で敵全員を\n燃やしつくす。,148,1,1
224000,イケメン様のほほえみ,きせきのイケメンスマイルで\nみんなの心をいやしまくり\n味方全員のＨＰを全回復する。,0,1,8
225000,満開サクラサク,奇跡の桜パワーで\n味方全員を復活させ\nＨＰも回復する。,0,1,8
226000,伝説の金棒,伝説の鬼の力を存分に\nはっきし　正面の敵を\nふんさいする。,190,1,9
231000,刀はまだ早い拳！,刀はまだ早い！　ということで\n素手で　ポカポカなぐりまくり\n敵全員をこうげきする。,15,5,9
232000,おかたづけの陣,ていねいかつ激しく\nデッキブラシをこすりつけ\n味方全員をおはらいする。,0,1,0
233000,激おこプンプン斬り,怒りのままに　刀を\nむちゃくちゃに振り回し\n敵全員をこうげきする。,16,5,9
234000,鬼斬り一閃,大きく飛び上がり\n正面の敵に　思いきり\n刀をたたきつける。,93,1,9
235000,べろりんぺろんちょ,長い舌を使って\n激しくなめまくり\n敵全員をこうげきする。,34,3,9
236000,ど根性ストレート肉球,熱い心のこもった\nストレートパンチを\n正面の敵におみまいする。,140,1,9
236900,ど根性ストレート肉球,熱い心のこもった\nストレートパンチを\n正面の敵におみまいする。,140,1,9
237000,田を返せ～田を返せ～,田の恨みがこもった\n危険な呪いで敵全員の\nちからを大ダウンさせる。,0,1,0
238000,ビクトリアーーーン！,激しいビートキャンプで\n味方を鍛え　味方全員の\n全ステータスをアップさせる。,0,1,0
239000,ピカピカ除菌の術,高性能除菌スプレーで\n味方全員をおはらいしつつ\nＨＰを回復する。,45,1,0
240000,開眼・獅子抜刀,満を持して　刀を抜き\n敵全員を　激しく\n斬りつける。,20,8,9
241000,焼き鬼斬り,飛び上がり　炎の刀で\n正面の敵を　叩き斬る。,100,1,1
242000,まるのみ,巨大な口を広げ\n正面の敵に　がっぷりと\nかぶりつく。,135,1,9
242010,お命いただきます,巨大な口を広げ\n正面の敵に　がっぷりと\nかぶりつく。,135,1,9
243000,ブワっと北風,自分がめくれ上がってしまう\n程の風をおこし　敵全員に\nダメージを与える。,86,1,6
244000,つむじ風ひゅるるん,ひゅるるんとした　かわいい\nつむじ風を呼び寄せ\n敵全員にダメージを与える。,86,1,6
245000,その場しのぎの術,とりあえず一旦\n味方全員をおはらいしつつ\nＨＰを回復する。,30,1,0
246000,守護神のマネ,守護神のマネをして\n気分が高まり　自分の\nまもりが超アップする。,0,1,0
247000,宇宙最強ビーム（嘘）,自称宇宙最強の\n氷のビームを放ち\n敵全員にダメージを与える。,150,1,5
248000,記憶にございません！,敵全員を口の中の不思議な\n空間に引きこむ。　味方ばかり\nこうげきするようになる。,0,1,0
249000,めくれるトルネード,服がめくれるような\n強力な竜巻を呼び寄せ\n敵全員にダメージを与える。,175,1,6
249500,めくれるトルネード,服がめくれるような\n強力な竜巻を呼び寄せ\n敵全員にダメージを与える。,175,1,6
250000,命のアツアツおでん,優しい味わいの\n温かいおでんのスープで\n味方全員を復活させる。,0,1,8
251000,土下座deドミノ,強力な土下座で正面の敵を\nおしつぶす。　当たった妖怪は\nなかなか行動しなくなる。,150,1,0
252000,あわせ鏡のむこうがわ,鏡においのりして霊魂を\n呼び出す。　呼び出した霊魂に\nよって　いりょくが変わる。,0,1,0
253000,雷電落とし,呼び寄せた巨大な\n雷で　敵全員に\n強力なダメージを与える。,148,1,3
253010,風魔ライデン,呼び寄せた巨大な\n雷で　敵全員に\n強力なダメージを与える。,148,1,3
254000,縄文ハートブレイク,机のふちに立ち　敵全員を\nドキドキさせる。　味方を\nすぐにこうげきさせる。,0,1,0
255000,突撃となりのうらや飯,うらめしさから\n正面の敵に　思い切って\n突進し　ダメージを与える。,93,1,9
256000,ギトギトウォール,汗だくの体で立ちはだかる。\nまもりを大アップしつつ\n敵の攻撃を一身に集める。,0,1,0
257000,天罰の一突き,強力な雷を槍にまとわせ\n正面の敵に　強力な\n突きこうげきをおみまいする。,93,1,3
258000,あっちこっち珍道中,あやしい霊魂を正面の敵に\n発射する。　味方をすぐに\nこうげきさせる効果もある。,93,1,0
259000,元気ドロボー,じゅくれんの泥棒テクで\n敵全員のＨＰを吸収し\n味方全員に分け与える。,135,1,7
260000,極太海老天落とし,じまんの海老天で\n正面の敵を　すさまじい\n勢いで叩きつける。,140,1,9
261000,あっちむいて砲,脱線しながら　強力な\n大砲を発射し　正面の敵に\nダメージを与える。,140,1,9
262000,トドメの百光線,全身の目から無数のビームを\n発射し　敵全員に\nダメージを与える。,32,5,9
262010,胸きゅん★キラー光線,全身の目から無数のビームを\n発射し　敵全員に\nダメージを与える。,32,5,9
263000,今夜もお肉パーリー,肉食系のあげあげオーラを\nかもしだし　味方全員の\nちからを大アップさせる。,0,1,0
264000,どんがらがっしゃん！,今まで受けとめ続けた\n雷の力を解放し\n敵全員にダメージを与える。,148,1,3
265000,忍耐バカの壁,忍耐バカが最強の壁になる。\nまもりを超アップしつつ\n敵の攻撃を一身に集める。,0,1,0
266000,大ガマ変化の術,伝説の　ガマガエルの力を\n解放し　敵全員を\nこうげきする。,30,5,9
266010,秘術・化けやもり,伝説の　やもりの力を\n解放し　敵全員を\nこうげきする。,30,5,9
267000,ザ・無表情,無表情な顔面で\n無属性な人魂を呼び出し\n敵全員にダメージを与える。,100,1,0
268000,まやかしの瞳,巨大なひとみで見つめ\n敵全員が　味方をすぐに\nこうげきするようになる。,0,1,0
269000,美脚でうっふん,しなやかな美脚をひろうし\n味方全員の士気を上げ\nすばやさを大アップさせる。,0,1,0
270000,爆裂スタートダッシュ,気合いのこもった\nスタートダッシュで自分の\nすばやさが超絶アップする。,0,1,0
271000,私の恋は雨模様,切ない雨を　頭上から\n大量に降らせ　敵全員に\nダメージを与える。,110,1,2
272000,顔面お色直し,顔面をシャッフルして敵全員を\n混乱させる。　味方をすぐに\nこうげきするようになる。,0,1,0
273000,ねんねんコロリガス,眠くなるけむりで敵全員を\n眠らせる。　当たった敵は\nなかなか行動しなくなる。,0,1,0
274000,カッパッ波ー！,本場の強力な水流を\nランダムな位置に呼び出し\nダメージを与える。,155,1,2
274010,大河の暴れ水,本場の強力な水流を\nランダムな位置に呼び出し\nダメージを与える。,155,1,2
274500,カッパッ波ー！,本場の強力な水流を\nランダムな位置に呼び出し\nダメージを与える。,155,1,2
275000,無限のホースパワー,手のひらからムゲンの\nホースエネルギーを発し\n敵全員にダメージを与える。,160,1,0
276000,なめときゃ治りんこ,かわいい舌で\nペロペロとなめまくり\n味方全員のＨＰを回復する。,60,1,8
277000,カラカラからっ風,古典妖怪特有の\nカラっとした風をおこし\n敵全員にダメージを与える。,86,1,6
277500,カラカラからっ風,古典妖怪特有の\nカラっとした風をおこし\n敵全員にダメージを与える。,86,1,6
278000,砂夫の素直な砂,素直な性格でみがいた\nさらさらとした砂を\n敵全員におみまいする。,100,1,4
280000,いやしの吉兆,良い運命を導く予知で\n幸せなふんいきを作り出し\n味方全員のＨＰを回復する。,60,1,8
280500,いやしの吉兆,良い運命を導く予知で\n幸せなふんいきを作り出し\n味方全員のＨＰを回復する。,90,1,8
281000,無邪気ワールド,無邪気なふるまいに　楽しい\n気持ちになり　味方全員の\nＨＰがだんだん回復する。,0,1,0
282000,晴れ晴れファイヤー,真っ赤な太陽を思わせる\n強力な炎を呼び出し\n敵全員にダメージを与える。,110,1,1
283000,魅惑の海藻カーニバル,プロの世界で鍛えたダンスで\nみんなを勇気づけ　味方全員の\nＨＰをだんだん回復させる。,0,1,0
284000,ナメナメ集中治療,かわいい舌で\nペロペロとなめまくり\n味方全員のＨＰを回復する。,90,1,8
285000,大山砂夫と申します。,サラリーマン生活で地道に\nきたえた土の力で\n敵全員にダメージを与える。,150,1,4
286000,から傘バリケード,から傘を広げて\nまもりを超アップしつつ\n敵の攻撃を一身に集める。,0,1,0
287000,五穀豊穣の舞,非常におめでたい舞で\nいやしの力を与え　味方全員の\nＨＰをだんだん回復させる。,0,1,0
288000,なけなしのコバンダー,かせいだお金を小判にして\n敵全員に激しく\n投げまくる。,30,5,9
289000,猪突モー進撃！,猛牛の力を解放し\n正面の敵に　強烈なタックル\nこうげきをおみまいする。,190,1,9
290000,天下泰平の響き,天に向かって聖なる\n叫びを響かせ　味方全員の\nＨＰを全回復する。,0,1,8
290010,一本イットク？,天に向かって聖なる\n角をかかげ　味方全員の\nＨＰを全回復する。,0,1,8
291000,アイム　ゾーリー,今まで踏みしめてきた\n大地の力を利用して\n敵全員にダメージを与える。,100,1,4
292000,オールナイトゲーム,徹夜続きの　ネガティブな\nオーラで　敵全員の\nまもりを大ダウンさせる。,0,1,0
293000,元気かりパックン,むじゃきな借りパクテクで\n敵全員のＨＰを吸収し\n味方全員に分け与える。,67,1,7
294000,妖怪失格,なよなよした草食オーラを\n放ち　敵全員の\nちからを大ダウンする。,0,1,0
295000,せっかちパンチ,正面の敵をパンチする。\n当たった妖怪は\n味方をすぐにこうげきする。,140,1,9
296000,らくらく長寿の術,邪悪な杖で\n敵全員のＨＰを吸収し\n味方全員に分け与える。,100,1,7
297000,勝手に変えチャンネル,邪悪な赤外線を正面の敵に\nあびせる。　当たった妖怪は\n味方をすぐにこうげきする。,140,1,0
298000,モーレツ三又撃,三つの頭を　モーレツに\n打ち付けて　敵全員を\nこうげきする。,25,6,9
299000,理不尽すぎるビンタ,理不尽に正面の敵をビンタする。\n当たった敵は　なかなか\n行動しなくなる。,10,5,9
300000,とことん吸血,するどい　吸血のキバで\n敵全員のＨＰを吸いとり\n味方全員に分け与える。,100,1,7
301000,終わらない１５の夜,徹夜続きの　ネガティブな\nオーラで　敵全員の\nまもりを大ダウンする。,0,1,0
302000,まっくろどんどろん,巨大な暗黒の玉を\n作り出し　敵全員に\nダメージを与える。,270,1,0
303000,ファサファサ厄払い,敵をパタパタとはたき\n敵にかかっている\n良い効果を解除する。,0,1,0
304000,鼻毛でてナーイヨー,敵全員の頭を混乱させる。\n混乱した敵は味方をすぐに\nこうげきするようになる。,0,1,0
305000,アッパレ自画自賛の舞,自分を誉めたたえ\nＨＰを回復しつつ\n最強の状態になる。,0,1,0
306000,もう呪っちゃう！,呪いのエナジーを正面の敵に\n放出する。　当たった妖怪は\nＨＰがだんだん減っていく。,70,1,0
307000,くねくね踊り,のらりくらりと気持ち悪い\n動きで　敵全員の\n全ステータスをダウンさせる。,0,1,0
308000,ぶんぶんカウボーイ,ロープで正面の敵にダメージを\n与える。　当たった妖怪は\nなかなか行動しなくなる。,50,1,0
309000,ビバ！ゆであがり,風呂あがりの体で\n敵全員に　鼻から\n火炎を噴射する。,148,1,1
310000,パラリラ大爆走,スピーカーから轟く\n爆音で　敵全員の\nＨＰがだんだん減っていく。,0,1,0
311000,ふさふさの世界へ…,自爆して　自分の体を\nぎせいにしつつ　敵全員に\nダメージを与える。,270,1,0
312000,呪いのラブレター,呪いのエナジーを敵全員に\n放出する。　当たった妖怪は\nＨＰがだんだん減っていく。,74,1,0
313000,土蜘蛛・土遁の術,伝説の蜘蛛の力で\nランダムな位置に\n巨大な岩石を落とす。,155,1,4
313010,桃色ドトンドトーン,有名な蜘蛛の力で\nランダムな位置に\n巨大な岩石を落とす。,155,1,4
314000,ケマモト特産パンチ,ケマモト特産の野菜で\nつちかった力で\n正面の敵をパンチする。,140,1,9
315000,ねちがえ朝シャワー,目覚めの　さわやかな\nシャワーで　敵全員に\nダメージを与える。,73,1,2
316000,からまれゾーン,くねくねした　不穏な\n動きで敵全員が　味方を\nすぐにこうげきする。,0,1,0
317000,音漏れロックフェス,マラカスからもれる\n騒音で　敵全員の\nＨＰがだんだん減っていく。,0,1,0
318000,悪霊スッポンぽん！,背中のスッポンで\n悪霊を吸いとり\n味方全員をおはらいする。,0,1,0
319000,どっこい大漁節,一本釣りした　巨大な\nヌシの口から　正面の敵に\n水流をおみまいする。,148,1,2
320000,ムカムカ尻尾ッポ！,ムカムカしながら　しっぽを\n叩きつけ　正面の敵に\nダメージを与える。,67,1,9
321000,渚のハイカラウェーブ,渚に打ち付ける波を\n呼び出し　敵全員に\nおみまいする。,73,1,2
322000,のびのびごっつんこ,最大まで伸ばした首を\n正面の敵に打ち付けて\nダメージを与える。,100,1,9
323000,とりあえずブレス,色々と保留にしながらも\n強力な氷のブレスを\n敵全員におみまいする。,110,1,5
324000,ドラゴン激一発！,ムカムカしながら　しっぽを\n正面の敵に叩きつけ\nダメージを与える。,135,1,9
325000,トラウマバキューマー,背中の掃除機で\n悪霊を吸いとり\n味方全員をおはらいする。,0,1,0
326000,チョベリバスター,ウザいふんいきで敵全員を\n混乱させる。　混乱した敵は\n味方をすぐにこうげきする。,0,1,0
327000,海神の大波,白波うちつける\nおめでたい波を\n敵全員におみまいする。,148,1,2
327010,誕生ビッグウェーブ,島が一つ産まれるかのごとく\n激しく立派な波を\n敵全員におみまいする。,148,1,2
329000,ネタバレフィナーレ,美しすぎる完璧な舞で\nＨＰを回復しつつ\n最強の状態になる。,0,1,0
330000,うんざりうんちく地獄,呪いの波動で　敵全員を\n混乱させる。　混乱した敵は\n味方をすぐにこうげきする。,0,1,0
331000,やまタン８枚タン！,まがまがしい８枚の\n舌と巨大な口で\n敵全員をかみまくる。,19,8,9
335000,厄介な呪い,厄介な呪いを敵全員に\nあびせる。　ＨＰを\nだんだん減らす効果もある。,74,1,0
336000,不快なキッス,好きな人は好きな\nセクシーなオーラで\n味方全員のＨＰを回復する。,120,1,8
337000,豪快な守り,豪快な構えで\nまもりを超アップしつつ\n敵の攻撃を一身に集める。,0,1,0
338000,難解な呪文,難解な呪いを正面の敵に\n放出する。　当たった敵は\n味方をすぐにこうげきする。,95,1,0
339000,破壊の一撃,全てを破壊するような\n強烈なパンチを正面の敵に\nおみまいする。,190,1,9
340000,自己中ウザイでチュー,敵全員に自己中な心を\n植えつける。　当たった敵は\n味方をすぐにこうげきする。,0,1,0
341000,アペーリキャーン！,ＵＳＡじこみのダンスで\n味方全員をリズムに乗せ\n全ステータスをアップさせる。,0,1,0
342000,ダークニャイトクロー,闇夜の町を飛びまわり\nスキを見て　敵全員を\nはげしく切り裂く。,160,1,9
343000,百万倍返し肉球,ひゃくれつ肉球の百万倍の\n肉球パンチをおみまいし\n敵全員にダメージを与える。,15,10,9
344000,完璧なおもてなし,妖怪執事協会公認の\nいやしパワーで\n味方全員を回復する。,90,1,8
345000,アイルビー自バーック,自爆して　自分の体を\nぎせいにしつつ　敵全員に\nダメージを与える。,270,1,9
346000,ゴーゴー☆ラブニャン,女学校できたえた\nいやしの力で\n味方全員を回復する。,120,1,8
347000,タイガークロスニャン,勢いよく飛び上がり\n正面の敵にクロスチョップで\nダメージを与える。,190,1,9
348000,ニャンげーひとだま,強力なひとだまを\n体全体から放出し\n敵全員にダメージを与える。,200,1,0
349000,大空ジェット肉球,ジェットの勢いを利用した\n肉球で　敵全員を\nなぐりまくる。,11,10,9
353000,ほじほじほ～じほじ,不思議なポーズで敵全員を\n混乱させる。　混乱した敵は\n味方をすぐにこうげきする。,0,1,0
354000,ファイナルガッツ！,ガッツのポーズで\nＨＰを回復しつつ\n最強の状態になる。,0,1,0
355000,青春ガッツ！,ガッツのポーズで\nＨＰを回復しつつ\n最強の状態になる。,0,1,0
360000,怒りの金棒,赤鬼の力を存分に\nはっきし　正面の敵を\nふんさいする。,190,1,9
361000,冷徹の金棒,青鬼の力を存分に\nはっきし　正面の敵を\nふんさいする。,190,1,9
362000,悪夢の金棒,黒鬼の力を存分に\nはっきし　正面の敵を\nふんさいする。,190,1,9
371000,ガッパーブレード,頭の皿から発生する\nレーザーブレードで\n敵全員をこうげきする。,29,7,0
372000,モンゲービームズラ,未来のモンゲーエネルギーで\n作り出されたビームで\n正面の敵にダメージを与える。,190,1,0
373000,メシハマダカノン砲,未来の空腹エネルギーで\n作り出されたビームで\n正面の敵にダメージを与える。,140,1,0
374000,自爆でスイマ千円,自爆して　自分の体を\nぎせいにしつつ　敵全員に\nダメージを与える。,200,1,9
375000,ギギギスマイル,ロボットならではの\nぎこちないスマイルで\n味方全員のＨＰを回復する。,90,1,8
376000,ドラゴニックバーン,未来のドラゴンエネルギーで\n作り出されたビームで\n正面の敵にダメージを与える。,140,1,0
377000,メロメロ肉球,メロン果汁しみこむ\n肉球で　敵全員を\nなぐりまくる。,15,10,9
377010,もぎたてビタニャンＣ,ミカンのやさしい\nビタミンＣたっぷり果汁で\n味方全員を回復する,90,1,8
377020,うぶ毛バリヤー,全身のうぶ毛で\nまもりを超アップしつつ\n敵の攻撃を一身に集める。,0,1,0
377030,つぶぞろいバディ,ブドウの香りで敵全員を\n混乱させる。　混乱した敵は\n味方をすぐにこうげきする。,0,1,0
377040,ベリーファイニャー,イチゴの香りがただよう\nスイートな炎で\n敵全員にダメージを与える。,110,1,1
377050,ププププ種鉄砲,大量のスイカの種を口から\n連続で吹き出し\n敵全員をこうげきする。,22,7,9
401000,ギスギス好かーん！,嫌な空気で敵全員を\n混乱させる。　混乱した敵は\n味方をすぐにこうげきする。,0,1,0
402000,ギスギスハハハーン！,嫌な空気で敵全員を\n混乱させる。　混乱した敵は\n味方ばかりこうげきする。,0,1,0
403000,ブーブーグゥ,あくまでも眠ったまま\n正面の敵に　強烈な\n突進をおみまいする。,93,1,9
404000,ねぶたでらっせ～ら～,北の国できたえた\n豪快な剣技で\n敵全員をこうげきする。,24,5,9
405000,こちとらパンダでぃ！,江戸っ子のプライドを\n前面に押し出して\n正面の敵をこうげきする。,93,1,9
406000,白黒つけるぜぃ！,江戸っ子のプライドを\n前面に押し出して\n正面の敵をこうげきする。,140,1,9
407000,みなぎるウナギール,ウナギの栄養を\n発散し　味方全員の\nちからを大アップさせる。,0,1,0
408000,ひまつぶし斬り,ひまつぶしに\n刀を振りまくり\n敵全員をこうげきする。,24,5,9
409000,くいだおれ突き,たこ焼き回しで　つちかった\nテクニックで　敵全員を\n突きまくる。,15,5,9
410000,やっぱ突っきゃねん,たこ焼き回しで　つちかった\nテクニックで　敵全員を\n突きまくる。,16,7,9
411000,砂サンキュー,砂丘を由来とした\n土のエネルギーで\n敵全員にダメージを与える。,100,1,4
412000,もう砂ノーサンキュー,砂丘を由来とした\n土のエネルギーで\n敵全員にダメージを与える。,150,1,4
413000,ごっつぁんで素うどん,こしのある強力な張り手を\nおみまいし　正面の敵に\nダメージを与える。,67,1,9
414000,千秋楽うどん拳,こしのある強力な張り手を\nおみまいし　正面の敵に\nダメージを与える。,100,1,9
415000,あっそ！,どっしりとたたずむ山の\n大地の力で\n敵全員にダメージを与える。,100,1,4
416000,あっそうだ！,脅威のマグマが\n大噴火を起こし\n敵全員にダメージを与える。,110,1,1
417000,いやしウキウキ,可愛く楽しげな動きで\nみんなをウキウキさせ\n味方全員のＨＰを回復する。,60,1,8
418000,ほっこりトキメキ,可愛く楽しげな動きで\nみんなをトキめかせ\n味方全員のＨＰを回復する。,90,1,8
451000,きびだんご斬り,きびだんごパワーで\n敵全員を斬りまくり\nダメージを与える。,16,10,9
452000,犬猫ワンニャン肉球,きびだんごパワーで\n敵全員をなぐりまくり\nダメージを与える。,22,5,9
453000,モンキー炸裂パンチ,きびだんごパワーで\n敵全員をなぐりまくり\nダメージを与える。,22,5,9
454000,鳴かズバ撃タレ舞,きびだんごパワーで\n敵全員をけりまくり\nダメージを与える。,22,5,9
455000,アカネコＢランチャー,バスターズスーツの力で\n正面の敵に強烈なビームを\n放ちダメージを与える。,28,5,9
456000,シロイヌＢランチャー,バスターズスーツの力で\n正面の敵に強烈なビームを\n放ちダメージを与える。,28,5,0
457000,ニャクスキャリバー,騎士のつるぎで\n勇敢に斬りかかり　敵全員に\nダメージを与える。,32,5,9
458000,マジ猫ファイニャー,魔法を唱えて\n燃えさかる炎を呼び出し\n敵全員におみまいする。,148,1,1
459000,元祖アカマル肉球,妖怪になる前の純粋なころの\n肉球で　敵全員を\nなぐりまくる。,22,5,9
471000,ゲットＢランチャー,バスターズスーツの力で\n正面の敵に強烈なビームを\n放ちダメージを与える。,28,5,9
473000,覇王閻魔玉,大王の妖力を手のひらに集め\n敵全員に強烈な\nエネルギー弾を放つ。,160,1,9
474000,しょぼぼん普通オーラ,フツーにそこそこ強いビームを\n正面の敵にはなち\nダメージを与える。,140,1,0
475000,オープン・ザ・救急箱,いやし効果のある玉手箱を\nオープンし　味方全体の\nＨＰを回復する。,120,1,8
476000,斬撃のまさかり,まさかりかついで飛び上って\n正面の敵をぶっ叩き\nダメージを与える。,190,1,9
477000,最高機密指令である！,元帥のたぐいまれな\n統率力で　味方全体の\n全ステータスをアップする。,0,1,0
478000,鬼術ガマ瀑布,伝説の鬼の力で\n巨大な滝を落とし\n敵全員にダメージを与える。,148,1,2
479000,百花繚乱雨あられ,怪舞伎界に伝わる\n伝統の舞いで敵全員に\nダメージを与える。,30,5,9
480000,地獄の怨念玉,怨念をこめたエネルギーを\n発射し　正面の敵に\nダメージを与える。,190,1,9
481000,ヌメヌメ吸うだら節,若者の生気を吸いとることで\n敵全員のＨＰを吸収し\n味方全体に分け与える。,100,1,7
482000,レア玉キタキタの舞,上空から骨を大量に\nふりそそがせ　敵全員に\nダメージを与える。,148,1,9
483000,かなり湿っぽい話,しめっぽくなる呪いを\nまきちらし　敵全員の\nＨＰがだんだん減っていく。,0,1,0
484000,未知との遭遇パワー,宇宙の万能パワーで\n味方全体をおはらいしつつ\nＨＰを回復する。,45,1,0
485000,爆裂悶景ストライク,しゃれこうべ型の\n爆弾をふりそそがせ\n敵全員にダメージを与える。,15,10,9
486000,真空鬼神拳,伝説の鬼の力をこめて\n正拳突き。　正面の敵に\nダメージを与える。,190,1,0
487000,裁きの超波動,非情な裁きの力で\n正面の敵に強烈な波動を\n放ちダメージを与える。,190,1,0
501000,魂胆みえみえヒール,こんたん見え見えでも\n可愛い仕草に　みながいやされ\n味方全体のＨＰが回復する。,60,1,8
502000,イチかバチかショット,思い切って正面の敵に\n弓矢を発射して\nダメージを与える。,93,1,9
503000,エクストリーム枕投げ,大きく飛び上がった後\n頭のコブを打ちつけて\n正面の敵をこうげきする。,93,1,9
504000,マジガチキーーック！,ガチンコな\nジャンピングキックで\n正面の敵をこうげきする。,93,1,9
505000,やけくそフルスイング,ダメなりにも一生懸命\nバットを振り回し　左右の敵を\nこうげきする。,100,1,9
506000,瞬間エモーションラン,せつなのすばやさで\n正面の敵に突撃する。,93,1,9
507000,脱出ダッシュでＧＯ！,非常時の力を\nはっきさせて　味方１匹の\nすばやさを超アップさせる。,0,1,0
508000,プリーズプリーズ肉！,栄養満点の肉を食べて\n自分のＨＰを回復しつつ\n最強の状態になる。,0,1,0
509000,知らぬ存ぜぬ斬,シラを切りつつも\n刀で斬りまくり　敵全員に\nダメージを与える。,24,5,9
510000,すっとこ素っ頓狂,奇妙すぎる視線で敵全員を\n混乱させる。　混乱した敵は\n味方をすぐにこうげきする。,0,1,0
511000,よく考えられた蹴り,カンガルー由来の　脚力で\n敵全員をけりまくり\nダメージを与える。,22,5,9
512000,忍法スズメバチの術,かれいな動きでクナイを\n投げまくり　ランダムな\n位置をこうげきする。,155,1,9
512010,風魔流五月雨殺法,かれいな動きでクナイを\n投げまくり　ランダムな\n位置をこうげきする。,155,1,9
513000,コロブハズのタマゴ,逆転の発想で巨大化させた\n卵を　敵の頭上から落とし\n敵全員をこうげきする。,160,1,9
514000,豪快ジャストミート,プロフェッショナルな\nバットさばきで　左右の敵を\nこうげきする。,150,1,0
515000,総舌レッドカーペット,表彰式のレッドカーペットで\n気分よくなって敵をひとなめ。\n左右の敵をこうげきする。,200,1,0
516000,天下無双のワンパン,天下にとどろくその拳で\n正面の敵にパンチを放つ。,190,1,0
517000,恐怖のなまなま祭り,両手の刀で　正面の敵を\nぶっ叩く。,95,1,9
518000,ど根性ストレート肉球,熱い心のこもった\nストレートパンチを\n正面の敵におみまいする。,140,1,9
519000,晴れ晴れパッカーン,ファスナーから　ヤバい妖気\nがあふれ出す。　敵全員が\nなかなか行動しなくなる。,0,1,0
520000,おすべりアイスリンク,氷の床を作り出す。\n敵全員にダメージを\n与えつつ　ちからがダウン。,20,1,5
521000,空耳つむじ風アワー,羽ばたいて巨大な\n竜巻を作り出し　左右の敵に\nダメージを与える。,86,1,6
522000,ナンでバトってるん？,不思議なオーラで敵全員を\n混乱させる。　混乱した敵は\n味方をすぐにこうげきする。,0,1,0
523000,まるなげキラーパス,ヤバイ爆弾を敵に丸投げして\n敵全員にダメージを与える。,76,1,0
524000,なんかピンとこない話,ピンとこない呪いで敵全員を\n混乱させる。　混乱した敵は\n味方をすぐにこうげきする。,0,1,0
525000,パーティーズ・ハイ,ホームパーティーを開いて\nテンションを上げ　味方全体の\n全ステータスをアップする。,0,1,0
526000,虹色キャンディポップ,輝かしい虹色のオーラを\n放出し　味方全体の\n全ステータスをアップする。,0,1,0
527000,静電気スパーキング,しびれる床を作り出す。\n敵全員にダメージを\n与えつつ　すばやさダウン。,20,1,3
528000,ナゾの席替えタイム,難解なトリックで\n敵のメインメンバーと\nサブメンバーを入れ替える。,0,1,0
529000,ちゃんと拭きたまえ～,かくしていた紙で\n敵全員をぐるぐる巻きにし\nなかなか行動しなくなる。,0,1,0
530000,こんなにもヒマな世界,ヒマな世界を実現し\n味方全体をおはらいする。,0,1,0
531000,大人買いのおすそわけ,自分のために大人買いした\nバトルアイテムを使い\n味方全体のＨＰを回復する。,120,1,8
532000,地獄耳ロックフェス,地獄の怪音波で敵全員を\n混乱させる。　混乱した敵は\n味方をすぐにこうげきする。,0,1,0
533000,へー回復ナンだー,味方全体を素直で\nやさしい心にして\nＨＰを回復させる。,120,1,8
534000,１％のヒラメキ閃光,しびれる床を発明する。\n敵全員にダメージを\n与えつつ　すばやさダウン。,30,1,3
535000,炎刃・鬼ごろし,自ら生成した炎の刃で\n正面の敵を斬りつける。,100,1,1
536000,切り札はハートのＡ,妖気をまとわせたカードを\n投げて　左右の敵に\nダメージを与える。,148,1,6
536010,白の恋物語,妖気をまとわせたカードを\n投げて　左右の敵に\nダメージを与える。,148,1,6
537000,人気スイーツあまん汁,甘～い汁で　味方全体の\nＨＰを回復する。　その後も\nＨＰが少しずつ回復する。,30,1,8
538000,ポンコツ・オーバー！,自爆して　自分の体を\nぎせいにしつつ　敵全員に\nダメージを与える。,130,1,9
539000,危険！まあいいか運転,気楽なドライブで\n正面の敵に突撃する。\n,93,1,9
540000,オーマイミートがっ！,ハンバーグを\n勢いよく飛ばし\n左右の敵をこうげきする。,100,1,9
541000,どけどけそこどけ～！,激しい運転で\n正面の敵に突撃する。,93,1,9
542000,あっけらかんのポ～イ,あっけらかんとした態度で\n敵にかかっている\n良い効果を解除する。,0,1,0
543000,魂のウーハーボイス,魂のシャウトで衝撃波を\n生み出し　敵全員を\nこうげきする。,110,1,9
544000,カメッパでスパコ～ン,飛び上がってスリッパで\n正面の敵の　頭をはたき\nダメージを与える。,100,1,9
545000,お蔵入り案件ガード,物を守るという　蔵本来の\n役割を思い出し\n自分のまもりを超アップする。,0,1,0
546000,迷惑拡散テェヘンダー,大量の情報を拡散し敵全員を\n混乱させる。　混乱した敵は\n味方をすぐにこうげきする。,0,1,0
547000,リボボボーン！,飛び上がりダブルの\nハンマーを打ちつけて\n敵全員をこうげきする。,148,1,9
548000,へそビーム,独自性あふれるビームを\nへそから発射し\n正面の敵にダメージを与える。,140,1,0
549000,ドキドキ土器ブレイク,自爆して　自分の体を\nぎせいにしつつ　敵全員に\nダメージを与える。,200,1,9
550000,極厚ウェルダーン！,大ボリュームの肉厚ステーキを\n叩きつけて正面の敵を\nこうげきする。,190,1,9
551000,ギュウ汁マゼバーン,独自配合の特性スープを\n爆発させて　敵全員を\nこうげきする。,160,1,9
552000,全力進撃ヨーソロー,的確に士気を上げる\n指令をだし味方全体の\nちからを大アップさせる。,0,1,0
553000,シャリＢＡＡＡＮ！,己の拳から　スプラッシュ感\nあふれる水流を発射し\n正面の敵をこうげきする。,190,1,2
554000,ザ・シャーキンプレス,ヘビー級の肉体を生かした\nボディプレスで\n正面の敵をこうげきする。,190,1,9
554010,シャクレロの雄叫び,はがねのようなボディを\nさらにビルドアップして\n自分のまもりを超アップする。,0,1,0
555000,びっくるくるパンチ,驚異的なポテンシャルを\n感じさせる　パンチで\n正面の敵をこうげきする。,93,1,9
556000,ぴよぴよノックアウト,目が回るオーラで　敵全員を\n混乱させる。　混乱した敵は\n味方をすぐにこうげきする。,0,1,0
557000,ほっとけないでショー,ほっとするふんいきを\nかもしだし　味方全体の\nＨＰをだんだん回復する。,0,1,0
558000,今日もコテンパン祭り,こてんぱんになりながらも\n必死に腕を振り回し\n敵全員をなぐりまくる。,15,5,9
559000,止まり方わからん走,疑問を持ちながらも\n正面の敵に突撃する。,93,1,9
560000,お手柔らかに！,逆らうことのできないカンペで\n敵全員に手加減の指示を出し\n全ステータスをダウンさせる。,0,1,0
561000,ゴーゴー！新大陸,味方全体に　新大陸発見の\n号令をだし　すばやさを\n大アップさせる。,0,1,0
562000,でもでもスカッシュ,切なさを感じさせる淡い炭酸で\n味方全体をおはらいしつつ\nＨＰを回復する。,30,1,8
563000,スカしてイイすか？,おしりから発射する独特な\nおなら妖気で　敵全員の\nようりょくを大ダウンさせる。,0,1,0
564000,お気楽スプラッシュ,バカンス気分な水流を\nランダムな位置に呼び出し\nダメージを与える。,115,1,2
565000,苦すぎた大人の味,落ち着いたムードを演出するも\n結局かみつきまくって\n敵全員をこうげきする。,22,5,9
566000,バラまいちゃってよ！,敵全員にむちゃ振りする。\nむちゃ振りされた敵は　混乱して\n味方をすぐにこうげきする。,0,1,0
567000,デンプシーロールパン,パンとは思えない\n激しいラッシュで\n敵全員をこうげきする。,30,5,9
568000,のれるモンナラー,まわりをサポートする\nいやしのオーラをふりまき\n味方全体のＨＰを回復する。,90,1,8
569000,ひとだま乱舞,呼び寄せたひとだまを\n飛び交わせ　左右の敵に\nダメージを与える。,200,1,0
570000,烏羽の突風,風の力で　強力な\n竜巻を呼び出し左右の敵に\nダメージを与える。,175,1,6
570010,迦楼羅焔,煩悩を焼き尽くす\n清浄なる炎で　敵全員に\nダメージを与える。,148,1,1
571000,バッド☆炎怒,遊び気分で地面を叩き割り\n正面の敵をこうげきする。,95,1,9
571010,激辛ヒーヒー拳,激辛パンチで地面を叩き割り\n正面の敵をこうげきする。,95,1,9
572000,辻風スパットキル,巨大な大鎌ですばやく\n斬りつけ正面の敵を\nこうげきする。,190,1,9
573000,至福のバスタイム,お風呂の水流を\n叩きつけ　敵全員に\nダメージを与える。,73,1,2
574000,さぐりさぐりの治療,いやしのしずくで　味方全体の\nＨＰを回復する。　その後も\nＨＰが少しずつ回復する。,30,1,8
575000,♪癒しのハーモニー,心地よい歌声で\n味方全体の疲れをいやし\nＨＰを回復させる。,60,1,8
576000,無重力アフロパワー,味方全体を\n無重力状態にし\nすばやさを大アップさせる。,0,1,0
577000,てんてこ舞の舞の舞,忙しすぎて\n頭のお米をぶちまけ\n敵全員をこうげきする。,80,1,9
578000,がんばれトゥモロー,得意のチアリーディングで\n味方全体を応援して\n全ステータスをアップさせる。,0,1,0
579000,癒しのカミカミ説法,最強の超回復妖術を唱えようと\nするも　途中でかんでしまい\n味方全体をそこそこ回復する。,110,1,8
580000,サンデ揉んでサンデー,日曜日気分を植えつられて\n動きたくなくなり　敵全員が\nなかなか行動しなくなる。,0,1,0
581000,いやしてガッテン！,長年つちかった\nサポート力で\n味方全体のＨＰを回復する。,90,1,8
582000,リサイクルＨＰ,地球のしずくで　味方全体の\nＨＰを回復する。　その後も\nＨＰが少しずつ回復する。,45,1,8
583000,元気がヨーデル体操,ハッピーになれるダンスで\n自分のＨＰを回復しつつ\n最強の状態になる。,0,1,0
584000,どっちらけビーム,にえきらない態度で\n敵にかかっている\n良い効果を解除する。,0,1,0
585000,麗しホワイトニング,カンペキなオーラルケアで\n味方全体をおはらいしつつ\nＨＰを回復する。,45,1,8
586000,フローラル泡ウェーブ,お風呂の水流を\n叩きつけ　敵全員に\nダメージを与える。,148,1,2
587000,心づくしのおもてなし,いたれりつくせりな\nサービスで　味方全体の\nＨＰを回復する。,120,1,8
588000,ガラパゴス回復術,長年の研究で解明した\nいやしのメカニズムを生かし\n味方全体のＨＰを回復する。,120,1,8
589000,速すぎワラッターＷ,目にも止まらぬスピードで\n敵に突進し　敵全員に\nダメージを与える。,160,1,0
589010,マッハ飛龍脚,目にも止まらぬスピードで\n敵に突進し　敵全員に\nダメージを与える。,160,1,0
590000,つやめき椿シャイン,椿のビームで\n正面の敵にダメージを与えつつ\n味方全員のＨＰを回復する。,60,1,8
591000,ひゃくれつ肉球,歴戦の武将相手にきたえた\n肉球で　敵全員を\nなぐりまくる。,30,5,9
592000,ひっさつわざなう,狂気のつぶやきオーラで\n敵全員がおかしくなり\nなかなか行動しなくなる。,0,1,0
593000,※麦茶でやんす。,悲しいオーラで敵全員が\nどうにもやるせなくなり\nなかなか行動しなくなる。,0,1,0
594000,チクッテヤンカラナー,頭についたするどい\nトゲで突きまくり\n敵全員をこうげきする。,15,5,9
595000,兵どもがゴミの跡,体にまとわりつく\nゴミをまきちらし敵全員の\nすばやさを大ダウンさせる。,0,1,0
596000,無線混ＬＡＮ環境構築,敵全員の脳をハッキングし\n混乱させる。　混乱すると\n味方をすぐにこうげきする。,0,1,0
597000,極太ＵＳＡビーム,正面の敵に　強力な\n極太ビームを発射し\nダメージを与える。,28,5,9
597010,メリケンタックルＵ,アメフトじこみの\n強烈タックルで\n正面の敵をこうげきする。,140,1,9
597020,オーシャンダイバーＵ,深海から呼び出した\n水流を打ちつけ\n敵全員にダメージを与える。,110,1,2
597030,絶対防衛ラインＵ,最新の衛星軍事技術で\n衛星軌道上からビームを放ち\n敵全員にダメージを与える。,22,5,9
597040,Ｕ－１グランプリ,レーシングカーを\n大量に召喚し　敵全員を\nこうげきする。,22,5,9
598000,カリカリモーニング！,カリッカリに焦がしつくす\n高温の炎で　敵全員に\nダメージを与える。,73,1,1
599000,自己嫌キングダム,持ち前のネガティブオーラで\n敵全員を落ちこませ\n全ステータスをダウンさせる。,0,1,0
600000,イカサマシャッフル,インチキテクニックで\n敵のメインメンバーと\nサブメンバーを入れ替える。,0,1,0
601000,やっぱり案の定な展開,案の定やられてしまうが\n不屈の精神で立ち上がり\n味方全体のちからが大アップ。,0,1,0
602000,ねつぞうニュース速報,黒歴史を大発表し\n敵全員の心の古傷が痛み\nすばやさが大ダウンする。,0,1,0
603000,ディスりマクり絶口調,フリーキーなフロウで敵全員が\n混乱する。　混乱した敵は\n味方をすぐにこうげきする。,0,1,0
604000,オケケのケッケ,敵の前に巨大な毛玉を\n設置する。　毛玉が絡まり\nなかなか行動しなくなる。,0,1,0
605000,世界平和のつぶやき,話題のしずくで　味方全体の\nＨＰを回復する。　その後も\nＨＰが少しずつ回復する。,45,1,8
606000,だり～っす,ダリスのぐうたらオーラで\nだるくなってしまい　敵全員が\nなかなか行動しなくなる。,0,1,0
607000,津江多々き攻劇,若いころから愛用してきた\n杖で　思いっきりぶっ叩き\n正面の敵をこうげきする。,140,1,9
608000,脳内不正アクセス,敵全員の脳をハッキングし\n混乱させる。　混乱すると\n味方をすぐにこうげきする。,0,1,0
609000,カミハエールＺＥＲＯ,特製の毒薬で敵全員を\n毒にする。　毒状態の敵は\nＨＰがだんだん減ってしまう。,0,1,0
609010,劇毒ヤブレカブレ,特製の毒薬で敵全員を\n毒にする。　毒状態の敵は\nＨＰがだんだん減ってしまう。,0,1,0
610000,まっさきフライング王,すさまじい勢いで\n正面の敵に突進し\nダメージを与える。,190,1,9
611000,シンクロナーイス！,いい線をいっている\nいい感じの舞いで　味方全体の\n全ステータスをアップする。,0,1,0
612000,帰りタイ帰れナイト,ホームシックになる\nオーラをまきちらし　敵全員が\nなかなか行動しなくなる。,0,1,0
613000,さすがデス！（爆）,自爆して　自分の体を\nぎせいにしつつ　敵全員に\nダメージを与える。,130,1,9
614000,ヨマレズの怨念,強い怨みで敵全員を呪う。\n呪われた敵は\nＨＰがだんだん減ってしまう。,0,1,0
615000,うらぎりビビンター,くるくると体を\nひるがえしながら\n正面の敵をビンタする。,67,1,9
616000,黄ばミスト,年季の入った古臭い\nオーラを敵全員にふりまき\nまもりを大ダウンさせる。,0,1,0
617000,念のため乱れ撃ち,不安すぎて　めちゃくちゃに\n銃をぶっぱなす。　ランダムな\n位置をこうげきする。,76,1,9
618000,ローリングたらい地獄,たらいを回しながら\n正面の敵に　強烈なタックルを\nおみまいする。,93,1,9
619000,おひとり天国,ひとりさみしく妖術を唱え\n敵全員のＨＰを吸収し\n味方全体に分け与える。,100,1,7
620000,テンパルンバサンバ,敵全員をテンパらせる。\nテンパった敵は\n味方をすぐにこうげきする。,0,1,0
621000,ずんだれ放浪記,こしパンしているがごとく\n敵全員の　すばやさが\n大ダウンする。,0,1,0
622000,アンラッキー体操第四,敵全員を不幸にする\n邪悪なダンスで　ＨＰが\nだんだん減っていく。,0,1,0
623000,むき卵つるりん波！,己のカラをやぶって\n自分のＨＰを回復しつつ\n最強の状態になる。,0,1,0
624000,うっぷっぷ酔いの宵,気持ち悪い妖気を敵全員に\nまき散らす。　まもりを\n大ダウンさせる効果もある。,120,1,0
625000,ごますりオベッカー,敵全員に　ごまをすりまくり\n手加減させた結果\nちからを大ダウンさせる。,0,1,0
626000,魔王のキメキメ号令,強力な決断力が\nいい方向にころび　味方全体の\nちからが大アップする。,0,1,0
627000,おとろし奇岩,敵の前に巨大な岩石を\n設置する。　岩石が邪魔で\nなかなか行動しなくなる。,0,1,0
628000,アトミックスター,遠い宇宙のかなたから\n隕石を呼び出し　ランダムな\n位置に落下させる。,155,1,0
628010,幻影座流星群,遠い宇宙のかなたから\n隕石を呼び出し　ランダムな\n位置に落下させる。,155,1,0
629000,粘着ヒッパレード,敵全員に\n足をひっぱる呪いをかけ\nなかなか行動しなくなる。,0,1,0
630000,本来は不要な一撃,ソックスを思いっきり\nフルスイングして\n左右の敵をこうげきする。,100,1,9
631000,吹っ切れすぎバンジー,意を決したバンジージャンプで\n勢いよく突進し\n正面の敵にこうげきする。,93,1,9
632000,あたかも壁ガード,パントマイムで\n壁を作り出し　自分の\nまもりを超アップする。,0,1,0
633000,のろいのマイペース,敵全員に　マイペースになる\n呪いをかけて　すばやさを\n大ダウンさせる。,0,1,0
634000,びっくり驚愕のアゴ力,びっくりした勢いで\n敵全員をかみまくり\nダメージを与える。,15,5,0
635000,きかんぼジタンダー,激しく地団駄をふんで\n敵全員にダメージを与える。,76,1,4
636000,ナンデモナイヨ,どうでもいい気分にして\n敵全員にかかっている\n良い効果を解除する。,0,1,0
637000,ゴイスー５本立てＳＰ,激しい水流を\nランダムな位置に呼び出し\nダメージを与える。,76,1,2
638000,きりすぎチョッキーナ,何が起ころうとも\nおかまいなしに　敵全員を\n切りまくってこうげきする。,22,5,9
639000,いばりんボカ～ン！,自爆して　自分の体を\nぎせいにしつつ　敵全員に\nダメージを与える。,200,1,9
640000,オクト神拳,敵全員を思いきり引っ張り\nなかなか行動しなくなる。,0,1,0
641000,アーじゃなくてコー！,長い首を　勢いよく\nフルスイングして\n左右の敵をこうげきする。,150,1,9
642000,鉄板アツアツ地獄,燃える床を作り出す。\n敵全員にダメージを\n与えつつ　まもりダウン。,20,1,1
643000,イマモオルゾーン,全身を油でツルツルに\nすることで　自分の\nまもりを超アップする。,0,1,0
644000,ワンクリック自爆,自爆して　自分の体を\nぎせいにしつつ　敵全員に\nダメージを与える。,130,1,9
645000,これがオレ流の水竜,オレ流の独自な感じで\n飛んでいく水の竜で\n敵２体にダメージを与える。,160,1,2
646000,地団駄デストロイヤー,激しく地面を揺らし\n敵全員にダメージを与える。,160,1,4
646010,ドジふんじゃった♪,激しく地面を揺らし\n敵全員にダメージを与える。,160,1,4
647000,そろそろ起きなはれや,全てを包むほほえみで\n味方全体を復活させ\nＨＰも回復する。,0,1,8
648000,竜宮城のおもてなし,海のビームで\n正面の敵にダメージを与えつつ\n味方全員のＨＰを回復する。,60,1,2
649000,修羅場ラ乱舞,４本の腕を使い目にも止まらぬ\n早さでなぐりまくり\n敵全員をこうげきする。,30,5,9
650000,三途の川まで逝ってＱ,ナゾの『Ｑ』の紋章で敵全員を\n混乱させる。　混乱した敵は\n味方をすぐにこうげきする。,0,1,0
661000,ダブル世界ビーム,世界をひっくり返すような\nビームで　正面の敵に\nダメージを与える。,160,1,0
667000,極太USAビーム,正面の敵に　強力な\n極太ビームを発射し\nダメージを与える。,190,1,9
668000,マグロづくし肉球,すしを握ってきたえた\n肉球で　敵全員を\nなぐりまくる。,30,5,9
669000,アゲ天乱舞,呼び寄せたひとだまを\n飛び交わせ　左右の敵に\nダメージを与える。,200,1,0
671000,ハラキリソード,切腹覚悟の精神で\n正面の敵を　斬りつけて\nダメージを与える。,190,1,0
672000,鬼にプラチナアーマー,全てを受け止める\nプラチナボディーの仁王立ちで\n自分のまもりを超アップする。,0,1,0
673000,ＫＩＲＡ☆ＫＩＲＡ星,キラキラ光る　美しい流星を\n敵のランダムな位置に\n落下させダメージを与える。,155,1,0
674000,大喝采スピーチ天国,最高のスピーチで\n自分のＨＰを回復しつつ\n最強の状態になる。,0,1,0
675000,素晴らしきクマ知識,ムダな知識を連発し　敵全員を\n混乱させる。　混乱した妖怪は\n味方をすぐにこうげきする。,0,1,0
676000,私の犬顔おじさん,紳士の魅力に満ちあふれた\nダンディーな微笑みで\n味方全体のＨＰを回復する。,90,1,8
677000,マネーの神ふぶき,豊富な資金力で\n味方全体の士気を上げ\n全ステータスをアップする。,0,1,0
678000,カムチカラ自慢,自慢の歯を見せびらかすように\n敵をかみまくり\n敵全員にダメージを与える。,19,5,9
679000,ワンハンドレッド肉球,ワンハンドレッド（１００）回\nの肉球パンチをくりだし\n敵全員をこうげきする。,15,5,9
680000,K＆K兄弟愛ビーム,ふたりの気持ちをひとつにして\n正面の敵に強力なビームを\n発射しダメージを与える。,140,1,0
681000,エンタメ爆発ショー,自爆して　自分の体を\nぎせいにしつつ　敵全員に\nダメージを与える。,270,1,9
682000,ツインドラグキャノン,２匹のメカドラゴンから\n正面の敵に強力なビームを\n発射しダメージを与える。,190,1,9
683000,九尾式レーザー刃,尻尾のビームを連続で\n発射し　ランダムな\n位置にダメージを与える。,155,1,0
684000,ｈｕｎｇｒｙ‐Ｇ？,肉を食べまくって\nＨＰを回復しつつ\n最強の状態になる。,0,1,0
685000,邪悪なスプレーアート,バッドなスプレーアートを\n描き出し　敵全員の\n全ステータスをダウンさせる。,0,1,0
686000,ペラペラメラメーラ,ペラペラと妖術を唱え\n燃えさかる炎を呼び出し\n敵全員を燃やしつくす。,110,1,1
687000,バァバの焼きたてパン,バァバお手製の\nおいしいパンで\n味方全体のＨＰを回復する。,90,1,8
688000,あやまってスンダー,とりあえず軽い感じに\n謝って済ませて\n味方全体をおはらいする。,0,1,0
689000,シャキっとサラダ体操,健康維持に最適な\nフレッシュダンスで味方全体の\n全ステータスをアップする。,0,1,0
690000,チョコバナビターン！,チョコがたっぷりぬられた\nバナナをスイングして\n正面の敵をビンタする。,135,1,9
691000,ガッチリ金融バリア,資金流出を断固防ぐ\n覚悟の体勢になり　自分の\nまもりを超アップする。,0,1,0
692000,モルモル大盛況,みんなを元気にする\nモリモリなオーラで\n味方全体のＨＰを回復する。,90,1,8
695000,ぷにぷにコンボニャン,自分の『ぷに』をつなげて\n作り出した巨大ぷにで\n敵全員を爆発させる。,160,1,9
696000,ぷにぷにコンボズラ,自分の『ぷに』をつなげて\n作り出した巨大ぷにで\n敵全員を爆発させる。,160,1,0
698000,百烈トレニャー肉球,数々の修羅場をくぐりぬけた\n拳で　なぐりまくり\n敵全員をこうげきする。,15,5,9
699000,ひとだまトレたズラ～,危険なダンジョンで\nひろってきた　強力な霊魂で\n左右の敵にダメージを与える。,100,1,0
701000,ナゾナゾなゾーン,ナゾめいたオーラで敵全員を\n混乱させる。　混乱した敵は\n味方をすぐにこうげきする。,0,1,0
702000,アゲ揚げファイアー,テンションが上がると\n呼び出せる　地獄の業火で\n敵全員を焼きつくす。,148,1,1
703000,Ｋソードスラッシュ,キング自ら剣をとり\n敵全員を斬りまくって\nこうげきする。,32,5,9
704000,ピョンＱ無限の愛,クイーンの慈悲で\nいやしの風をふかせ\n味方全体のＨＰを回復する。,120,1,8
705000,七世目Jソウル乱舞,呼び寄せたひとだまを\n飛び交わせ　左右の敵に\nダメージを与える。,200,1,0
706000,十郎のツンツンテン,じまんのヤリで\n１０発ぐらい突きまくり\n敵全員をこうげきする。,30,5,9
707000,ロイヤルＡラッシュ,エースの美しい\n剣さばきで突きまくり\n敵全員をこうげきする。,30,5,9
708000,不幸を招くJの大鎌,死神の鎌を\n無慈悲に振り降ろし\n正面の敵をこうげきする。,190,1,9
711000,弁天サンダービート,神器のギターをかきならして\n稲妻を作り出し\n敵全員にダメージを与える。,148,1,3
712000,グッド風フィーリング,全てをなぎはらう\n巨大な竜巻を作り出し\n左右の敵にダメージを与える。,175,1,6
713000,ちょっと贅沢なヒール,贅沢なしずくで　味方全体の\nＨＰを回復する。　その後も\nＨＰが少しずつ回復する。,60,1,8
714000,開運ぶっといハンマー,神器である打出の小槌で\nぶっ叩き　正面の敵を\nこうげきする。,190,1,9
715000,邪封百槍撃,武神の力を解放し\n全てを破壊しつくす勢いで\n敵全員を突きまくる。,30,5,9
716000,寿命ダウンロード,寿命を吸い取る術で\n敵全員のＨＰを吸収し\n味方全体に分け与える。,100,1,7
717000,福寿の陽光,福を呼ぶめでたい光で\n味方全体を復活させ\nＨＰも回復する。,0,1,8
720000,ゴージャスゾーン,ゴージャス＆ラグジュアリーな\nオーラで　味方全体の\n全ステータスをアップする。,0,1,0
721000,ジャスティス肉球,数々の市民を救ってきた\n正義の肉球で\n敵全員をなぐりまくる。,15,5,9
722000,ダークファントム乱舞,邪悪なひとだまを\n飛び交わせ　左右の敵に\nダメージを与える。,100,1,0
723000,Ｕミサイルシステム,取り込んだ仲間たちを\nミサイルとして発射し\n正面の敵にダメージを与える。,190,1,9
724000,ハダカデバヒール,地面の下で育んだ\n優しい　いやしパワーで\n味方全体のＨＰを回復する。,90,1,8
728000,豆乳ＵＳＡビーム,正面の敵に　強力な\n極太ビームを発射し\nダメージを与える。,60,1,9
729000,ようこそ虚空へ…,敵全員を虚空に引き込み\nなかなか行動しなくなる。,0,1,0
730000,さきのびポイゾーン,毒液を発射し敵を毒にする。\n毒状態の敵は\nＨＰがだんだん減ってしまう。,0,1,0
731000,恋のカラメルかしらん,ほろ苦いカラメルの味で\nみんなをいやし\n味方全体のＨＰを回復する。,90,1,8
732000,いい転機にな～れ！,みんなを応援するポジティブ\nオーラで　味方全体の\n全ステータスをアップする。,0,1,0
733000,山土のポーズ,大地を表現したヨガの\nポーズによるエネルギーで\n左右の敵にダメージを与える。,148,1,4
734000,見返りカムバック,聖なるお祈りで\n味方全体を復活させ\nＨＰも回復する。,0,1,8
735000,ものみなよどみて,ダークな瘴気で\n心をよどませ　敵全員が\nなかなか行動しなくなる。,0,1,0
736000,邪眼ノ魔名刺死,邪悪な眼差しで\n敵を斬りまくり\n敵全員をこうげきする。,16,10,9
738000,地獄行きの審判,罪人を地獄に送り込む\n非情な拳を降臨させ\n敵全員をこうげきする。,190,1,9
739000,神剣ヌラノツルギ,清浄なる神の剣で\n一刀両断し\n正面の敵をこうげきする。,190,1,9
740000,魔眼獄滅波,神のみが錬成できるという\n究極のエネルギーを放ち\n正面の敵にダメージを与える。,190,1,9
741000,ファラ男の呪い,本体の「ファラ男」が\n敵全員に呪いをかけ\n全ステータスをダウンさせる。,0,1,0
742000,不死王の豪剣,特殊な合金でできた\n巨大な剣で斬りまくり\n敵全員をこうげきする。,16,10,9
743000,開けてお死舞☆,禁断の箱に封印されていた\n激ヤバな霊魂で\n敵全員にダメージを与える。,148,1,0
744000,ひっぱり名人芸,完成されたリアクション芸で\nテンションを上げ　味方全体の\n全ステータスをアップする。,0,1,0
745000,ニャステト肉球,大量に　呼び出した死者の\n霊魂に敵をなぐらせて\n敵全員にダメージを与える。,15,5,9
746000,魂の儀式ズラ,魂を奪う超古代の術で\n敵全員のＨＰを吸収し\n味方全体に分け与える。,100,1,7
747000,あの日予言した流星,地球滅亡の大予言をし\n大量の隕石を降り注がせ\nランダムな位置にダメージを与える。,155,1,0
748000,シヴァいたろか！,超ド級の怒りに身を任せ\nしばらく敵を突きまくり\n敵全員をこうげきする。,30,5,9
749000,メガヒット連発ビーム,衛星軌道上から\n大量のビームを降り注がせ\nランダムな位置にダメージを与える。,190,1,0
750000,メガヒット御礼ビーム,衛星軌道上から\n大量のビームを降り注がせ\nランダムな位置にダメージを与える。,190,1,0
761000,難陀水凍拳,竜王にしか生み出せない\n驚異の冷気パワーで\n左右の敵にダメージを与える。,200,1,5
762000,ワルノリおふざ剣,悪ふざけしながら　目にも\n止まらぬ速さで斬りまくり\n正面の敵をこうげきする。,190,1,9
764000,バケトルデーン！,超骨太な拳で\n正面の敵に　強力な\nパンチをおみまいする。,155,1,9
765000,苦寝苦寝オドリ～,奇妙な動きで敵全員を\n混乱させる。　混乱した妖怪は\n味方をすぐにこうげきする。,0,1,0
766000,がっかりビックリ箱,宝箱と期待した敵を\nがっかりさせる。　敵全員が\nなかなか行動しなくなる。,0,1,0
767000,ミーフー乙女ハート,乙女チックなふんいきで\n味方をキュンキュンさせて\n味方全体のＨＰを回復する。,90,1,8
771000,日輪破魔炎舞,造り出した巨大な太陽を\n敵の頭上から落下させ\n敵全員にダメージを与える。,160,1,1
772000,超天夢幻輪廻,時空の波動を発生させ\n敵全員がなかなか行動しなくなり、\nダメージも与える。,30,1,0
773000,絶望滅亡暗黒砲,暗黒神だけが生み出せる\n闇のエネルギーを放ち\n正面の敵の命を奪う。,190,1,0
774000,百鬼夜行のマーチ,かわいいリズムを刻んで\n味方全体を元気づけ\nすばやさを大アップさせる。,0,1,0
775000,仁王立ちファイナル,気合いを入れて守りの\n体勢になり　自分の\nまもりを超アップする。,0,1,0
776000,はじまりの仁王拳,全身全霊の力をこめて\n正面の敵に　強力な\nパンチをおみまいする。,93,1,9
777000,おんもらキィィー！！,霊気で作ったあやしい炎を\n正面に吐きだし\n敵全員を燃やしつくす。,60,1,1
778000,荒波千秋楽,気合の四股踏みで\n巨大な荒波を呼び出し\n敵全員におみまいする。,110,1,2
779000,咲くやこの生命,命を芽生えさせる風で\n味方全体を復活させ\nＨＰも回復する。,0,1,8
780000,夜半の月落とし,たわむれに呼び出した\n月のかけらを　ランダムな\n位置に落下させる。,155,1,0
781000,炎の花ちょうちん,怨みのこもった\n激しい炎を吐き出し\n敵全員を燃やしつくす。,110,1,1
782000,モォ～レツ突き突き♥,怒りを爆発させて\n正面の敵に　強力な\n突進をおみまいする。,190,1,9
783000,怒涛のお説教タイム,すさまじい馬力を発揮し\n正面の敵に　強力な\n突進をおみまいする。,190,1,9
900000,やわらか肉球,全くきたえられていない\n肉球で　敵全員を\n軽めになぐる。,10,3,9
801000,埋めちゃいますね！,愛用のスコップ片手に突進し\n正面の敵に激しい\nダメージを与える。,190,1,9
802000,ジョーズな狙い撃ち,しっかりと狙って\n正面の敵に強烈なビームを\n放ちダメージを与える。,210,1,9
803000,キレキレチョッパ斬り,巨大な剣で激しく\n斬りまくり　敵全員を\nこうげきする。,16,10,9
804000,おしゃぶり卒業宣言,おしゃぶりパワーで\nいやしの成分をふりまき\n味方全員のＨＰを回復する。,90,1,8
805000,クレクレ欲しがり熱線,逃れられないおねだりで\n敵全員のＨＰを吸収し\n味方全員に分け与える。,100,1,7
806000,不死鳥の豪火な遊び,日ノ鳥だけが作り出せる\n豪華すぎる炎で\n敵全員を燃やしつくす。,200,1,1
807000,黄金の吐息,まばゆいばかりの\n黄金のブレスを放ち\n正面の敵にダメージを与える。,230,1,9
808000,神剣ボケノムラクモ,激しいツッコミにぶち切れ\n地面を切り裂き\n敵全員にダメージを与える。,190,1,9
5000070,お祭りひゃくれつ肉球,太鼓を叩いて　きたえた\n肉球で　敵全員を\nなぐりまくる,15,5,9
5000050,波乗りひゃくれつ肉球,サーフィンに乗りながら\n波の勢いで　敵全員を\nなぐりまくる,15,5,9
5000500,湯上がりひとだま乱舞,温めたひとだまを\n飛び交わせ　敵全員に\nダメージを与える,100,1,0
5000080,お祭りひとだま乱舞,お祭り気分のひとだまを\n飛び交わせ　敵全員に\nダメージを与える,100,1,0
5000090,お祭りさわぎサンダー,祭りの熱気をカミナリに変え\n敵全体に　ビリビリと\nダメージを与える,73,1,3
5000290,スマイルセットヒール,お店のアイドルの笑顔に\n心も身体も　いやされて\n味方全体のＨＰが回復する,60,1,8
5000010,トコナツスプラッシュ,大量の水を圧縮して\n正面の敵に　強烈な水流を放ち\nダメージを与える,190,1,2
5000100,夏の恋物語,サマーラブストーリーを描いた\nカードを投げて　左右の敵に\nダメージを与える,148,1,6
5000130,旅歩きひゃくれつ肉球,旅のなかで　きたえられた\n肉球で　敵全員を\nなぐりまくる,15,5,9
5000140,行きずりひとだま乱舞,旅の途中で出会った　ひとだまを\n飛び交わせ　敵全員に\nダメージを与える,100,1,0
5000150,おはだけトルネード,浴衣がめくれるような\n強力な竜巻を呼び寄せ\n敵全員にダメージを与える,175,1,6
5000230,万国ひゃくれつ肉球,世界中で　身につけた\n様々な拳法で　敵全員を\nなぐりまくる,15,5,9
5000240,世界のひとだまショー,様々な国の　ひとだまを\n飛び交わせ　敵全員に\nダメージを与える,100,1,0
5000340,祭囃子・獅子太鼓,満を持して　バチを抜き\n敵全員を　激しく\n斬りつける,20,8,9
5000360,バチはまだ早い拳！,バチはまだ早い！　ということで\n素手で　ポカポカなぐりまくり\n敵全員をこうげきする,15,5,9
5000630,ふわふわトルネード,甘さとやわらかさに包まれる\n強力な竜巻を呼び寄せ\n敵全員にダメージを与える,175,1,6
5000300,超特急USAビーム,正面の敵に　強力な\n超特急ビームを発射し\nダメージを与える,28,5,9
5000210,自堕落スプラッシュ,自堕落な水流を\nランダムな位置に呼び出し\nダメージを与える,115,1,2
5000970,へそビーム,独自性あふれるビームを\nへそから発射し\n正面の敵にダメージを与える。,140,1,0
5000980,へそビーム,独自性あふれるビームを\nへそから発射し\n正面の敵にダメージを与える。,140,1,0
5000990,へそビーム,独自性あふれるビームを\nへそから発射し\n正面の敵にダメージを与える。,140,1,0
5001000,へそビーム,独自性あふれるビームを\nへそから発射し\n正面の敵にダメージを与える。,140,1,0
5000380,ひゃくれつお団子肉球,お団子のように弾力のある拳で\nリズミカルに　なぐりまくり\n敵全員にダメージを与える,15,5,9
5000390,お団子ひとだま乱舞,お団子のようにまんまるな\nひとだまを　飛び交わせ\n敵全員にダメージを与える,100,1,0
5000400,お月見サンダー,お月見を盛り上げるために\nカミナリを呼び　敵全員に\nビリビリとダメージを与える,73,1,3
5000330,月夜のＵＳＡオーラ,降りそそぐ月光の力で\nいやしのオーラを　創り出し\n味方全体のＨＰを回復する,120,1,8
5000320,三日月にキュン！,三日月をギュッとする姿で\nみんなの心をキュンキュンさせ\n味方全員のＨＰを回復する,90,1,8
5000410,ルナティック・キュン,不思議な月の魅力で\nみんなの心をキュンキュンさせ\n味方全員のＨＰを回復する,90,1,8
5000420,月光やまたのおろち,月の力を宿したオーラで\n作り出した　龍のマフラーに\n敵全員を　かみつかせまくる,15,10,9
5000640,黒ニャクスキャリバー,黒き騎士のつるぎで\n勇敢に斬りかかり　敵全員に\nダメージを与える,32,5,9
5000540,夜明けのゲームエンド,夜明け前の　暗黒オーラで\nゲームを強制終了し　敵全員の\nまもりを　大ダウンさせる,0,1,0
5000460,呪いのスマイルセット,呪いのスマイルセットを敵全員に\n放出し　当たった妖怪は\nＨＰがだんだん減っていく,74,1,0
5000190,ぼんのう一閃,モテるために重ねた修行で\n極めた剣に　全妖気を注入し\n敵全員を斬りつける,135,1,2
5000220,もみじ色の息吹,美しいもみじ色の息吹で\n味方全員を　復活させ\nＨＰも回復する,0,1,8
5000530,ど根性ハイカラ肉球,オシャレ×根性を意識した\nストレートパンチを\n正面の敵におみまいする,140,1,9
5000020,もじもじ紅葉シャイン,紅葉のビームで\n正面の敵にダメージを与えつつ\n味方全員のＨＰを回復する,60,1,8
5000180,メイプル肉球,もみじ色に染まった\nメイプルな肉球で\n敵全員を　なぐりまくる,15,5,9
5000440,ノーノー！新大陸,味方全員に　\n即時帰還の号令を出し\nすばやさを　大アップさせる,0,1,0
5000200,激烈！銀杏スメル,銀杏の強烈な悪臭を\n正面の敵に　発射して　\nまもりを　大ダウンさせる,95,1,0
5000370,大炎上ババァーン！,最新のパソコンが壊れないよう\n絶妙な力加減で　放り投げた後\n素手で正面の敵をビンタする,100,1,0
5000160,トリックひとだま乱舞,いたずら好きな　ひとだまを\n飛び交わせ　敵全員に\nダメージを与える,100,1,0
5000170,トライデントサンダー,三つ又の槍に稲妻を集めて\n敵全員に　ビリビリと\nダメージを与える,73,1,3
5000430,ハロハロウィンナイト,イタズラなひとみを投げつけ\n敵全員の　全ステータスを\nダウンさせる,0,1,0
5000060,マジックひゃくれつ肉球,消えたり現れたりする\n肉球で　敵全員を\nなぐりまくる,15,5,9
5000310,デスサイズかかと落とし,鎌を振った遠心力で　\n勢いをつけて　正面の敵に\nかかとを叩きつける,160,1,9
5000350,道化を装う収穫の大鎌,人に紛れた死神の鎌を\n静かに振り降ろし\n正面の敵をこうげきする,140,1,9
5000520,クローゼットソング,呪いのヒッキーソングを敵全員に\nあびせる　当たった妖怪は\nなかなか行動しなくなる,0,1,0
5000760,吸血火焔,吸い取った血で\n幻惑の炎を繰り出し\n敵全員を燃やしつくす,148,1,1
5000770,霊龍ゴーストラッシュ,呼び覚まされし霊魂を\n束ねた　龍のマフラーに\n敵全体を　かみつかせまくる,15,10,9
5000040,ひんやり★アイシクル,魔法の力で生み出した\n絶対零度の氷の柱を\n敵全員に　おみまいする,190,1,5
5001310,焼リンゴファイニャー,とびきりジューシーな焼リンゴを\nつくりだす　アッツアツな炎で\n敵全体にダメージを与える,110,1,1
5001320,トゲトゲ肉球,パイナップルのトゲが\nついた肉球で　敵全員を\nなぐりまくる,15,10,9
5000470,ねむけ覚まし肉球,眠気が一気に覚めるほどの\nすごい速さで肉球を繰り出し\n敵全員をなぐりまくる,15,5,9
5000480,ひとだままくら乱舞,まくら投げが大好きな\nひとだまを　飛び交わせ\n敵全員にダメージを与える,100,1,0
5000820,パジャマでサンダー！,まるで昼間のように明るい\nカミナリを呼び出し　敵全員に\nダメージを与える,73,1,3
5000740,ど根性プレゼント肉球,熱いガッツのこもった\n強烈なパンチを\n正面の敵にプレゼントする,140,1,9
5000730,キラキラ☆聖夜祭,キラキラと舞い降る雪を\n集めて巨大な氷塊を作り出し\n敵全員に　おみまいする,190,1,5
5000750,極氷地獄,全てを凍らせる\n猛吹雪を巻き起こし\n敵全員を氷づけにする,200,1,5
5000720,ゆきだまプレゼント,空に　雪の塊をたくさん\n呼び出し　敵全員に\nおみまいする,135,1,5
5000700,メリクリ特大ビーム,サンタスーツの不思議な力で\n極太ビームを放ち\n正面の敵にダメージを与える,28,5,9
5000670,ジングル・エール,聖なる励ましが　味方全員の\nＨＰを回復させ　その後も\nＨＰが少しずつ回復する,45,1,8
5000690,無気力ビンタ,体は動かさず　首だけを\nびよ～んと伸ばして\n正面の敵をビンタする,67,1,0
5000680,聖夜もほっとけナイト,みんなから　かまってもらって\nうれしくなり　味方全員の\nＨＰをだんだん回復する,0,1,0
5000710,聖夜の恋物語,白雪の妖気をまとわせた\nカードを投げて　左右の敵に\nダメージを与える,148,1,6
5000620,ジュラシック大出張！,出張の意気込みをあらわす\n激しい足踏みで地面を揺らし\n敵全員にダメージを与える,160,1,4
5000280,まだまだ帰れナイト,まだ帰れないオーラを解き放ち\nかわいそうに思った敵全員が\nなかなか行動しなくなる,0,1,0
5001330,一撃必殺肉球,敵一体に大ダメージ\n必ずクリティカルになる,140,1,9
5001340,邪炎剣舞,闇の炎を纏った剣をふるい\n敵を燃やしつくすほどの勢いで\n切り刻む,10,10,9
5001350,天照光臨,聖なる日光を照らし\n味方全体がパワーアップ,0,1,0
5001360,斬無一閃,目にも止まらぬ鋭い斬撃で\n前方の敵に大ダメージ,220,1,9
5000890,新春ひゃくれつ肉球,お正月の　ケン玉遊びで\nきたえあげた肉球で\n敵全員を　なぐりまくる,15,5,9
5000900,新年おみくじ乱舞,大量の　おみくじヒトダマを\n飛び交わせ　敵全員に\nダメージを与える,100,1,0
5000910,新年あけおめサンダー,新年を迎えた　敵全員に\nシビれるくらいの感動と\n刺激的なダメージを与える,73,1,3
5000920,おしょうガッツ！肉球,お祝いの気持ちをこめた\nめでたい　ストレートパンチを\n正面の敵におみまいする,140,1,9
5000930,キラキラ☆おとし雪玉,新年の清らかな冷気をあやつり\n敵全員に　とっても大きな\n雪のお年玉を　おみまいする,190,1,5
5000940,あ～れ～なトルネード,晴れ着の帯も　ほどけるほどの\n強力な竜巻を　巻きおこし\n敵全員にダメージを与える,175,1,6
5000950,初夢の恋物語,初夢の恋の詩が　書かれた\nカードを投げて　左右の敵に\nダメージを与える,148,1,6
5000570,アッパレ初日の出,初日の出から　ふりそそぐ\nアッパレな輝きに　包まれて\n味方全体のＨＰを回復する,45,1,8
5000580,ニューイヤー旋風,新年初の　はつミミに\n羽ばたきながら感激して\n左右の敵に　ダメージを与える,86,1,6
5000960,あけましておめで砲,初日の出の輝きをチャージした\n極太ビームを放ち\n正面の敵にダメージを与える,60,5,9
5000650,モヤモヤ燃やしキル！,モヤモヤした気持ちを\nアッツアツの炎の呪文にこめて\n敵全員を　燃やしつくす,120,1,1
5000490,ひゃくれつ温泉肉球,温泉のように 熱くて\n強烈な肉球を繰り出し\n敵全員を なぐりまくる,15,5,9
5000510,湯上がりサンダー,湯上がりで のぼせて\nうっかり雷雲を呼び寄せ\n敵全員に ダメージを与える,73,1,3
5000550,雪玉ヘッドバット,大きな雪玉がふってくるように\n上空から 正面の敵に\n頭突きをおみまいする,93,1,9
5000450,白銀の吐息,静寂な冬山の 澄んだ風で\n味方全員を復活させ\nＨＰも回復する,0,1,8
5000660,ど根性ゲレンデ肉球,ゲレンデの雪斜面を 滑りおり\nスピードにのった重いパンチを\n正面の敵におみまいする,140,1,9
5000560,ドカ雪バスター,大雪をふりはらうように\nものすごい勢いで 正面の敵に\n頭突きをおみまいする,140,1,9
5001370,やまたの反省文,風紀を乱した生徒たちに\n龍のマフラーが反省文をせまって\n敵全員に　かみつきまくる,15,10,9
5001380,恋の雪どけチョコ,恋いこがれる気持ちを\n雪どけのアイスチョコにこめて\n敵全員に　おみまいする,190,1,5
5001390,ハートフル椿シャイン,元気いっぱいの椿のビームで\n正面の敵にダメージを与えつつ\n味方全員のＨＰを回復する,60,1,8
5001420,口からチョコブレス,体内からチョコを吐き出して\n敵全員に　まき散らす\nまもり大ダウン効果もある,60,1,0
5001430,チョコニャイトクロー,闇夜の町を飛びまわり\nダークな味わいの　攻撃を\n敵全員に　おみまいする,160,1,9
5001440,カカオＵＳＡビーム,正面の敵に　強力な\nカカオビームを発射し\nダメージを与える,60,1,9
5001450,失恋チョコの呪い,呪いのエナジーを敵全員に放出し\n当たった妖怪は失恋した気になり\nＨＰがだんだん減っていく,74,1,0
5001460,セーラー☆ラブチョコ,恋を応援する気持ちをこめた\n手作りのマリンチョコを配って\n味方全員を回復する,120,1,8
5000250,ひゃくれつ流星肉球,降り注ぐ流星のような \n激しいパンチの連打で　 \n敵全員を　なぐりまくる,15,5,9
5000260,キラキラひとだま乱舞,夜空の流星のように　幻想的な \nひとだまを飛び交わせ \n敵全員にダメージを与える,100,1,0
5001680,生徒会長の超波動,妖怪の学校に通う学生として\nふさわしくない振る舞いをする\n正面の者に　裁きをくだす,190,1,0
5001840,ビシバシ☆竹刀乱舞,華麗な竹刀さばきで\n敵全員にダメージを与えつつ\n全ステータスを　ダウンさせる,74,1,0
5001790,おかえし・キュン！,ホワイトデーのお返しで\nみんなの心をキュンキュンさせ\n味方全員のＨＰを回復する,90,1,8
5001780,アメあめフレフレ♪,かたいアメが混じった雨を\n空から　いっぱい降らせて\n敵全体にダメージを与える,110,1,2
5001800,晴れ晴れキャンディ,アッツアツの炎をまとった\nキャンディを投げつけて\n敵全員にダメージを与える,110,1,1
5001670,文学的紅蓮地獄,とある小説に　えがかれた\n炎の美しさに感動したキュウビが\n敵全員を燃やしつくす,148,1,1
5001740,キラキラ桜吹雪,桜吹雪を固めて作った\n強烈なあられを　敵全員に\nおみまいする,190,1,5
5001760,春眠まどろみナイト,春の陽気で　相手を包みこみ\n敵全員の　全ステータスを\nダウンさせる,0,1,0
5000840,さくら満開肉球,まい散る桜のように\n連続で　パンチをたたきこみ\n敵全員を　なぐりまくる,15,5,9
5000850,もちもち桜乱舞,桜もちのように　もちもちした\nひとだまを飛ばして　敵全員に\nダメージを与える,100,1,0
5000860,お花見サンダー,桜のはなびらに　電気をまとわせ\n敵全員に　ビリビリと\nダメージを与える,73,1,3
5001770,焼きマシュ一閃,大きく飛び上がり\nあっつあつのマシュマロを\n正面の敵にたたきつける,93,1,9
5001050,シャケな肉球,木ぼりのシャケの力を借りて\n勢いのある肉球で　敵全員を\nなぐりまくる,15,5,9
5001690,ジョーズな早撃ち,すばやくホルスターから銃を抜き\n正面の敵に強烈なビームを\n放ちダメージを与える,210,1,9
5001160,ひゃくれつオタ芸肉球,オタ芸できたえた\n肉球で　敵全員を\nなぐりまくる,15,5,9
5001230,ひゃくれつ秘薬肉球,秘薬の力をかりて\n強化された肉球で\n敵全員を　なぐりまくる,15,5,9
5001150,１００枚せんべい肉球,１００枚のせんべいのカタさにも\n匹敵する　カタ～い肉球で\n敵全員を　なぐりまくる,15,5,9
5002060,味噌カツニャン,敵全員物理ダメージ,15,5,9
5001520,お好みニャン,敵全員物理ダメージ,15,5,9
5001300,舞妓ニャン,味方全員を回復する。,120,1,8
5001040,ひつじコマじろう,敵全員雷ダメージ,73,1,3
5002080,ずんだ餅ニャン,敵全員物理ダメージ,15,5,9
5001170,落花生ニャン,敵全員物理ダメージ,15,5,9
5002070,トキニャン,敵全員物理ダメージ,22,5,9
5001590,メンタイニャン,敵全員物理ダメージ,15,5,9
5000610,ボディーガーレッド,正面物理ダメージ,190,1,9
5000600,ボディーガードッグ,敵全員物理ダメージ,15,10,9
5001020,うしジバニャン,敵全員物理ダメージ,15,5,9
5001030,にわとりコマさん,敵全員無属性ダメージ,100,1,0
5001970,はるのやま,自分のまもりアップ\n挑発,0,1,0
5001940,クローバーニャン,敵全員物理ダメージ,15,5,9
5001960,ハル,味方全員のＨＰが\nだんだん回復する。,0,1,0
5000120,ぽっぽニャン,敵全員物理ダメージ,15,5,9
5000880,ぽっぽコマじろう,敵全員雷ダメージ,73,1,3
5000030,ぽっぽ姫,敵全員氷ダメージ,190,1,5
5000870,ぽっぽコマさん,敵全員無属性ダメージ,100,1,0
5000790,マリンジバニャン,敵全員物理ダメージ,15,5,9
5000800,マリンコマさん,敵全員無属性ダメージ,100,1,0
5000810,マリンコマじろう,敵全員雷ダメージ,73,1,3
